Posture Duration (s),Rear Left Paw Posed Duration (s),Rear Right Paw Posed Duration (s),Rear Paws Posed Duration (s),Rear Together Paws Posed Duration (s),Rearing Duration (s),Front Left Paw Posed Duration (s),Front Right Paw Posed Duration (s),Front Paws Posed Duration (s),Front Together Paws Posed Duration (s),Other Paw Posed Duration (s),Posture Duration (s).1,Rear Left Paw Weight (g),Rear Right Paw Weight (g),Rear Paws Weight (g),Rear Together Paws Weight (g),Rearing Weight (g),Front Left Paw Weight (g),Front Right Paw Weight (g),Front Paws Weight (g),Front Together Paws Weight (g),Other Paw Weight (g),Front/Rear Weight Ratio,Left/Right Weight Ratio,Rear Left/Rear Right Weight Ratio,Posture Duration (s).2,Rear Left Paw Area (mm¬?),Rear Right Paw Area (mm¬?),Rear Paws Area (mm¬?),Rear Together Paws Area (mm¬?),Rearing Area (mm¬?),Front Left Paw Area (mm¬?),Front Right Paw Area (mm¬?),Front Paws Area (mm¬?),Front Together Paws Area (mm¬?),Other Paw Area (mm¬?),Front/Rear Area Ratio,Left/Right Area Ratio,Rear Left/Rear Right Area Ratio,Timepoint,Mouse_number,Day_timepoint,Front Left Paw Weight (%),Front Right Paw Weight (%),Front Paws Weight (%),Front Together Paws Weight (%),Rear Left Paw Weight (%),Rear Right Paw Weight (%),Rear Paws Weight (%),Rear Together Paws Weight (%),Rearing Weight (%),Other Paw Weight (%),Sample_group,Sample_name
55.981,55.521,55.521,55.981,55.981,53.516,2.493,0,2.465,0,0,55.981,12.02,12.36,24.38,24.38,24.64,0.22,0,4.92,0,0,0.2,0.99,0.97,55.981,16.89,17.51,34.4,34.4,34.77,0.34,0,7.81,0,0,0.23,0.98,0.96,1,95,0,,,,,,,,,,,107455,95
77.178,76.744,72.52,77.178,72.922,6.448,70.342,68.704,70.73,69.097,0,77.178,9.98,9.57,19.55,19.96,27.29,4.97,4.14,9.94,9.99,0,0.51,1.09,0.97,77.178,14.52,11.35,25.87,26.43,34.94,9.1,8.52,19.23,19.41,0,0.74,1.19,1.2,2,95,21,,,,,,,,,,,107455,95
44.882,44.579,44.579,44.882,44.882,14.944,26.831,28.082,29.938,25.426,4.184,44.882,10.54,9.44,19.99,19.99,28.04,3.63,3.92,11.33,12.16,0.85,0.57,1.06,1.12,44.882,13.53,13.98,27.51,27.51,31.94,6.07,5.75,17.75,19.54,1.83,0.65,0.99,0.97,3,95,35,,,,,,,,,,,107455,95
51.518,50.083,51.205,51.518,50.383,14.513,36.757,35.805,37.005,36.061,18.772,51.518,6.51,13.93,20.45,20.48,22.57,3.05,2.86,8.23,8.19,2.67,0.4,0.57,0.48,51.518,9.26,12.16,21.42,21.71,26.5,6.71,5.83,17.47,17.52,4.92,0.82,0.89,0.77,4,95,49,,,,,,,,,,,107455,95
75.267,74.641,74.641,75.267,75.267,25.346,47.923,45.382,49.921,44.113,0,75.267,14.95,13.4,28.35,28.35,33.73,4.19,3.17,11.09,11.6,0,0.39,1.15,1.12,75.267,15.61,17.07,32.68,32.68,38.72,7.02,5.06,18.2,18.84,0,0.56,1.02,0.91,5,95,63,,,,,,,,,,,107455,95
80.816,80.308,80.308,80.816,80.816,64.208,12.822,11.832,16.608,8.176,0,80.816,11.94,12.76,24.7,24.7,26.69,0.9,0.66,7.57,8.58,0,0.31,0.96,0.94,80.816,16.46,15.81,32.27,32.27,34.11,1.36,1.48,13.8,16.03,0,0.43,1.03,1.04,6,95,77,,,,,,,,,,,107455,95
58.21,57.81,57.81,58.21,58.21,27.538,26.928,25.723,30.672,22.432,0,58.21,9.49,12.59,22.09,22.09,26.97,2.63,1.99,8.76,9.89,0,0.4,0.83,0.75,58.21,14.96,15.92,30.89,30.89,34,4.49,4.01,16.13,17.93,0,0.52,0.98,0.94,7,95,91,,,,,,,,,,,107455,95
76.351,75.962,75.962,76.351,76.351,72.638,2.141,3.713,3.713,2.144,0,76.351,11.31,13.41,24.72,24.72,25.12,0.13,0.26,8.1,9.55,0,0.33,0.84,0.84,76.351,17.01,16.92,33.93,33.93,34.25,0.35,0.54,18.4,23.69,0,0.54,0.99,1.01,1,92,0,,,,,,,,,,,107455,92
74.595,74.075,74.075,74.595,74.595,72.962,0.825,1.617,1.633,0.833,0,74.595,15.71,17.12,32.83,32.83,33.07,0.07,0.1,7.85,10.62,0,0.24,0.92,0.92,74.595,17.33,21.22,38.55,38.55,38.81,0.09,0.24,14.86,19.64,0,0.39,0.81,0.82,2,92,21,,,,,,,,,,,107455,92
60.603,60.075,60.075,60.603,60.603,50.861,8.707,9.664,9.742,8.782,0,60.603,13.76,12.18,25.94,25.94,27.07,0.59,0.67,7.87,8.25,0,0.3,1.12,1.13,60.603,18.01,17.1,35.11,35.11,36.5,1.05,1.33,14.82,15.26,0,0.42,1.03,1.05,3,92,35,,,,,,,,,,,107455,92
82.479,79.365,81.845,82.479,80,16.862,64.195,57.529,65.617,56.991,0,82.479,6.36,12.59,18.95,19.24,25.41,3.17,3.87,8.85,9.39,0,0.47,0.58,0.52,82.479,10.69,13.5,24.19,24.71,36.28,6.3,7.96,17.92,18.94,0,0.74,0.79,0.8,4,92,49,,,,,,,,,,,107455,92
70.189,69.678,69.678,70.189,70.189,39.6,30.32,27.779,30.589,28.03,0,70.189,10.92,14.22,25.14,25.14,28.81,1.94,2.49,10.17,10.32,0,0.4,0.77,0.77,70.189,14.3,17.79,32.1,32.1,36.45,3.56,4.09,17.55,18.22,0,0.55,0.82,0.8,5,92,63,,,,,,,,,,,107455,92
57.75,57.414,57.414,57.75,57.75,47.56,5.282,9.11,10.19,4.205,0,57.75,12.54,11.77,24.31,24.31,25.05,0.38,0.74,6.35,8.25,0,0.26,1.03,1.07,57.75,16.54,15.57,32.11,32.11,33.57,0.58,0.94,8.57,12.35,0,0.27,1.04,1.06,6,92,77,,,,,,,,,,,107455,92
56.01,55.55,55.55,56.01,56.01,28.986,24.179,26.852,27.024,24.336,0,56.01,10.24,15.46,25.7,25.7,26.42,1.45,1.36,5.81,6.07,0,0.23,0.69,0.66,56.01,14.2,16.03,30.23,30.23,34.79,2.88,3.82,13.89,14.33,0,0.46,0.86,0.89,7,92,91,,,,,,,,,,,107455,92
58.877,58.505,58.505,58.877,58.877,5.151,49.695,53.39,53.726,50.045,6.626,58.877,15.52,19.78,35.3,35.3,46.47,8.2,7.07,16.74,17.46,0.3,0.47,0.88,0.78,58.877,18.7,21.61,40.31,40.31,46.02,10.47,10.72,23.23,24.18,0.82,0.58,0.9,0.87,1,150,0,,,,,,,,,,,97479,150
47.136,46.862,46.862,47.136,47.136,22.606,13.871,16.484,24.53,6.016,8.931,47.136,17.74,15.46,33.2,33.2,37.3,3.18,3.18,12.25,14.84,2.13,0.37,1.12,1.15,47.136,25.18,23,48.19,48.19,46.77,6.09,6.39,24.01,31.85,6.11,0.5,1.06,1.09,2,150,274,,,,,,,,,,,97479,150
45.857,45.605,45.605,45.857,45.857,14.61,26.348,28.919,31.247,24.349,4.58,45.857,19.39,17.47,36.87,36.87,45.96,6.15,5.48,17.08,18.37,0.31,0.46,1.11,1.11,45.857,20.13,19.18,39.31,39.31,48.4,9.58,9.03,27.32,29.95,1.01,0.69,1.05,1.05,3,150,294,,,,,,,,,,,97479,150
47.394,47.1,47.1,47.394,47.394,9.843,30.235,27.265,37.551,20.352,32.111,47.394,13.97,17.19,31.16,31.16,38.92,5.83,5.71,14.56,18.73,3.98,0.47,0.86,0.81,47.394,19.78,25.14,44.92,44.92,58.27,8.14,7.69,19.97,24.5,9.73,0.44,0.85,0.79,4,150,308,,,,,,,,,,,97479,150
46.803,46.49,46.49,46.803,46.803,3.551,42.94,42.94,43.252,43.252,13.554,46.803,14.97,16.2,31.17,31.17,42.55,11.84,7.31,20.71,20.71,0.78,0.66,1.14,0.92,46.803,17.66,18.4,36.06,36.06,46.65,14.06,12.55,28.79,28.79,1.54,0.8,1.02,0.96,5,150,323,,,,,,,,,,,97479,150
53.922,53.623,53.623,53.922,53.922,0,53.623,48.038,53.922,48.321,44.573,53.922,10.38,14.48,24.86,24.86,0,12.05,10.86,22.9,22.6,6.92,0.92,0.88,0.72,53.922,17.36,18.15,35.5,35.5,0,16.02,15.52,31.54,32.89,21.63,0.89,0.99,0.96,6,150,337,,,,,,,,,,,97479,150
7.202,7.128,7.128,7.202,7.202,1.2,5.94,5.94,6.002,6.002,0,7.202,19.51,17.43,36.94,36.94,49.02,8.67,7.36,19.24,19.24,0,0.52,1.14,1.12,7.202,24.7,22.06,46.76,46.76,55.18,12.35,9.56,26.29,26.29,0,0.56,1.17,1.12,7,150,351,,,,,,,,,,,97479,150
76.83,76.443,76.443,76.83,76.83,73.6,3.201,0,3.23,0,0,76.83,12.59,14.79,27.38,27.38,27.82,0.41,0,9.62,0,0,0.35,0.88,0.85,76.83,17.26,18.03,35.29,35.29,35.47,0.68,0,16.11,0,0,0.46,0.99,0.96,1,93,0,,,,,,,,,,,107455,93
63.485,62.91,62.91,63.485,63.485,61.757,1.746,1.746,1.728,1.728,0,63.485,14.37,18.08,32.46,32.46,32.68,0.24,0.13,13.51,13.51,0,0.42,0.8,0.79,63.485,20.78,19.61,40.39,40.39,40.72,0.29,0.2,17.97,17.97,0,0.44,1.06,1.06,2,93,21,,,,,,,,,,,107455,93
52.765,52.357,52.357,52.765,52.765,38.446,13.167,11.385,14.319,10.463,10.362,52.765,12.49,12.33,24.82,24.82,27.87,1.86,1.3,11.65,12.64,1.56,0.47,1.05,1.01,52.765,18.7,19.5,38.2,38.2,41.9,4.23,1.85,22.41,26.23,2.26,0.59,1.07,0.96,3,93,35,,,,,,,,,,,107455,93
73.118,65.351,72.674,73.118,65.774,44.687,23.13,24.153,28.431,19.215,0,73.118,10.18,10.82,21,22.36,26.33,2.12,1.67,9.74,10.27,0,0.46,0.98,1.02,73.118,11.91,13.05,24.96,26.77,28.98,3.97,2.72,17.19,19.28,0,0.69,1.01,0.98,4,93,49,,,,,,,,,,,107455,93
54.752,53.626,52.867,54.752,52.384,40.352,13.298,11.945,14.4,10.976,8.877,54.752,13.42,16.86,30.28,31.1,34.97,1.77,1.12,10.98,11.74,0.97,0.36,0.85,0.79,54.752,25.29,15.19,40.48,41.91,46.55,3.12,2.26,20.41,22.97,2.6,0.5,1.63,1.65,5,93,63,,,,,,,,,,,107455,93
52.32,51.961,51.961,52.32,52.32,17.775,32.355,28.065,34.545,26.323,0,52.32,10.63,11.02,21.65,21.65,27.84,3.19,2.58,8.73,9.59,0,0.4,1.02,0.97,52.32,16.97,14.62,31.59,31.59,36.93,5.68,3.95,14.56,16.78,0,0.46,1.22,1.16,6,93,77,,,,,,,,,,,107455,93
47.714,47.322,47.322,47.714,47.714,9.616,23.196,37.778,38.098,23.377,0,47.714,12.35,10.83,23.19,23.19,25.48,1.92,2.84,5.96,7.98,0,0.26,1.04,1.14,47.714,13.83,14.25,28.08,28.08,29.89,4.36,6.59,13.71,17.45,0,0.49,0.87,0.97,7,93,91,,,,,,,,,,,107455,93
48.402,48.014,48.014,48.402,48.402,43.041,5.313,5.313,5.361,5.361,0,48.402,11.26,11.07,22.33,22.33,23.39,0.46,0.78,11.17,11.17,0,0.5,0.99,1.02,48.402,15.65,14.59,30.23,30.23,31.51,0.49,1.78,20.51,20.51,0,0.68,0.99,1.07,1,94,0,,,,,,,,,,,107455,94
54.337,54.008,54.008,54.337,54.337,31.873,8.834,20.252,22.464,6.77,5.28,54.337,12.98,12.32,25.3,25.3,28.25,0.77,2.49,7.9,9.3,0.4,0.31,0.93,1.05,54.337,15.16,16.02,31.19,31.19,33.95,1.52,3.85,12.99,18.83,0.89,0.42,0.84,0.95,2,94,21,,,,,,,,,,,107455,94
52.792,52.533,52.533,52.792,52.792,48.392,2.803,3.496,4.4,1.904,0,52.792,13.18,13.24,26.42,26.42,26.95,0.31,0.4,8.54,11.03,0,0.32,0.99,1,52.792,14.09,18.6,32.69,32.69,33.23,0.61,0.65,15.07,20.09,0,0.46,0.76,0.76,3,94,35,,,,,,,,,,,107455,94
46.768,46.427,46.427,46.768,46.768,40.975,5.742,4.587,5.793,4.625,0,46.768,16.38,11.81,28.19,28.19,30.45,0.94,0.33,10.27,10,0,0.36,1.43,1.39,46.768,14.09,16.56,30.65,30.65,32.55,1.68,0.74,19.51,19.31,0,0.64,0.91,0.85,4,94,49,,,,,,,,,,,107455,94
47.471,47.156,47.156,47.471,47.471,29.041,17.451,14.704,18.43,13.949,0,47.471,12.83,12.16,24.99,24.99,29.19,2.49,1.72,10.84,12.27,0,0.43,1.1,1.05,47.471,15.62,15.62,31.23,31.23,33.91,4.17,3.07,18.65,20.72,0,0.6,1.06,1,5,94,63,,,,,,,,,,,107455,94
105.139,104.195,104.195,105.139,105.139,99.125,6.001,4.516,6.014,4.526,0,105.139,13.69,14.3,27.98,27.98,28.49,0.46,0.23,11.99,11.85,0,0.43,0.97,0.96,105.139,16.37,17.19,33.56,33.56,34.19,0.64,0.4,18.14,20.13,0,0.54,0.97,0.95,6,94,77,,,,,,,,,,,107455,94
48.691,48.375,48.375,48.691,48.691,38.641,10.008,7.863,10.05,7.89,0,48.691,12.29,13.27,25.56,25.56,27.84,1.02,0.8,8.82,10.15,0,0.35,0.95,0.93,48.691,16.76,17.55,34.31,34.31,37.2,1.82,1.24,14.79,15.86,0,0.43,0.99,0.95,7,94,91,,,,,,,,,,,107455,94
45.955,45.799,45.799,45.955,45.955,34.289,9.294,9.657,11.666,7.392,4.95,45.955,15.58,16.3,31.88,31.88,33.84,1.54,1.84,13.24,15.79,0.39,0.42,0.94,0.96,45.955,22.99,21.88,44.86,44.86,46.05,2.57,2.78,21,24.75,1.24,0.47,1.04,1.05,1,151,0,,,,,,,,,,,97479,151
46.161,46.003,46.003,46.161,46.161,16.094,23.23,26.499,30.067,19.89,12.17,46.161,17.14,17.08,34.22,34.22,42.24,3.77,4.78,13.11,15.22,3.48,0.38,0.96,1,46.161,21.36,28.34,49.7,49.7,54.38,5.84,7.59,20.59,23.7,10.94,0.41,0.76,0.75,2,151,20,,,,,,,,,,,97479,151
45.89,45.528,45.528,45.89,45.89,18.529,10.428,26.004,27.361,9.44,31.412,45.89,16.93,16.16,33.09,33.09,45.24,2.63,5.39,13.44,18.4,4,0.41,0.91,1.05,45.89,21.54,20.04,41.59,41.59,46.9,3.81,12.12,26.7,27.97,13.97,0.64,0.79,1.07,3,151,34,,,,,,,,,,,97479,151
51.299,50.937,50.937,51.299,51.299,12.37,35.499,37.743,38.929,34.881,0,51.299,14.74,22.11,36.85,36.85,49.39,6.95,6.33,17.49,17.87,0,0.47,0.76,0.67,51.299,16.84,19.4,36.24,36.24,46.18,10.63,9.96,27.13,28.66,0,0.75,0.94,0.87,4,151,49,,,,,,,,,,,97479,151
45.743,45.387,45.387,45.743,45.743,1.104,44.298,35.202,44.639,35.472,26.788,45.743,14.8,12.42,27.22,27.22,53.4,10.61,5.67,16.68,17.27,2.91,0.61,1.4,1.19,45.743,16.68,20.31,36.99,36.99,57.37,13.45,10.53,24.57,26.26,9.57,0.66,0.98,0.82,5,151,63,,,,,,,,,,,97479,151
49.165,48.785,48.785,49.165,49.165,23.678,24.504,22.495,25.487,21.822,33.147,49.165,18,15.27,33.27,33.27,34.94,4.46,4.41,17.08,17.52,10.31,0.51,1.14,1.18,49.165,22.32,18.94,41.25,41.25,40.95,7.88,5.93,26.6,28.32,36.29,0.64,1.21,1.18,6,151,77,,,,,,,,,,,97479,151
59.394,58.883,58.883,59.394,59.394,1.264,54.659,57.629,58.13,55.138,10.631,59.394,14.76,10.34,25.1,25.1,27.01,8.77,9.85,19.03,19.04,0.8,0.76,1.17,1.43,59.394,16.08,13.29,29.37,29.37,28.51,11.58,14.37,26.52,26.87,2.87,0.9,1,1.21,7,151,91,,,,,,,,,,,97479,151
82.325,76.714,81.631,82.325,77.365,56.754,23.565,24.159,25.571,22.514,0,82.325,10.03,11.4,21.43,21.96,25.41,1.09,1.93,9.71,10.2,0,0.45,0.83,0.95,82.325,15.29,14.41,29.7,30.32,33.52,1.76,2.86,14.88,15.91,0,0.5,0.99,1.16,1,476,0,,,,,,,,,,,87780,476
55.917,55.362,55.362,55.917,55.917,25.582,30.03,23.364,30.335,23.615,0,55.917,15.49,10.91,26.4,26.4,27.64,,,,,0,0.39,1.47,1.42,55.917,18.41,15.01,33.42,33.42,39.27,7.15,4.07,20.68,21.99,0,0.62,1.34,1.23,2,476,28,,,,,,,,,,,87780,476
92.034,91.32,91.32,92.034,92.034,42.93,47.494,46.801,49.104,45.999,0,92.034,8.93,10.97,19.9,19.9,25.65,,,,,0,0.53,0.85,0.81,92.034,12.79,15.28,28.07,28.07,36.75,5.24,4.5,18.26,18.65,0,0.65,0.91,0.84,3,476,42,,,,,,,,,,,87780,476
47.28,46.866,45.15,47.28,45.552,27.202,17.992,19.18,20.078,17.407,0,47.28,13.57,10.77,24.34,24.94,28.16,2.08,2.5,10.77,11.51,0,0.44,1.18,1.23,47.28,16.79,17.55,34.33,35.16,38.44,2.93,4.12,16.6,17.69,0,0.48,0.91,0.93,4,476,56,,,,,,,,,,,87780,476
42.593,42.291,42.291,42.593,42.593,33.152,5.973,7.306,9.441,3.888,25.905,42.593,13.02,12.67,25.69,25.69,27.25,0.94,1.14,9.4,10.76,2.45,0.37,1.01,1.03,42.593,18.83,17.68,36.51,36.51,38.34,1.24,1.83,13.88,17.4,5.18,0.38,1.03,1.06,5,476,71,,,,,,,,,,,87780,476
117.568,106.501,115.774,117.568,106.289,0,114.657,116.731,117.568,115.518,0,117.568,6.06,9.44,15.5,15.91,0,5.93,7.66,13.59,13.69,0,0.88,0.7,0.72,117.568,7.2,9.69,16.89,17.19,0,11.17,12.33,23.5,23.66,0,1.39,0.83,0.86,6,476,84,,,,,,,,,,,87780,476
57.027,55.055,51.854,57.027,50.404,8.352,45.306,44.728,48.675,41.889,2.706,57.027,7.56,7.2,14.76,15.5,21.46,4.95,4.77,11.38,11.66,0.18,0.77,1.04,0.97,57.027,9.39,9.64,19.03,20.39,33.39,8.52,7.16,18.37,19.22,0.22,0.97,1.07,0.91,7,476,98,,,,,,,,,,,87780,476
50.661,50.432,50.432,50.661,50.661,35.38,15.177,13.197,15.281,13.282,22.951,50.661,18.16,15.53,33.69,33.69,36.55,2.85,2.12,16.49,16.96,1.47,0.49,1.19,1.17,50.661,21.31,18,39.32,39.32,40.31,4.15,3.88,26.64,28.48,3.75,0.68,1.16,1.18,1,425,0,,,,,,,,,,,87782,425
55.408,55.173,55.173,55.408,55.408,22.559,31.689,31.877,32.849,31.056,8.673,55.408,14.92,17.68,32.6,32.6,41.49,,,,,0.52,0.63,0.85,0.84,55.408,20.54,23.17,43.71,43.71,54.91,8.68,9.24,30.66,31.37,1.54,0.7,0.9,0.89,2,425,28,,,,,,,,,,,87782,425
53.201,52.874,52.874,53.201,53.201,18.094,34.922,32,35.107,32.212,0,53.201,14.85,14.37,29.21,29.21,36.92,,,,,0,0.6,1,1.03,53.201,18.45,15.97,34.42,34.42,41.21,9.34,8.32,26.78,27.51,0,0.78,1.14,1.16,3,425,42,,,,,,,,,,,87782,425
55.472,55.101,55.101,55.472,55.472,36.526,17.981,17.915,18.946,17.282,26.149,55.472,20.2,17.24,37.44,37.44,40.37,3.24,3.67,20.22,20.92,2.26,0.54,1.12,1.17,55.472,20.88,17.09,37.97,37.97,39.04,4.7,4.16,25.93,26.89,5.41,0.68,1.2,1.22,4,425,56,,,,,,,,,,,87782,425
47.791,47.504,47.504,47.791,47.791,5.615,41.168,40.376,42.176,39.777,0,47.791,20.06,15.71,35.77,35.77,49.19,8.2,8.06,18.42,18.71,0,0.51,1.19,1.28,47.791,18.44,20.32,38.76,38.76,49.58,12.89,10.54,26.55,27.17,0,0.68,1.02,0.91,5,425,71,,,,,,,,,,,87782,425
63.278,63.008,63.008,63.278,63.278,28.541,26.262,31.704,34.737,23.46,0,63.278,21.98,19.42,41.41,41.41,45.07,3.93,5.09,16.43,18.83,0,0.4,1.06,1.13,63.278,22.73,22.54,45.27,45.27,46.64,5.9,7.9,25.15,29.16,0,0.56,0.94,1.01,6,425,84,,,,,,,,,,,87782,425
91.013,90.346,90.346,91.013,91.013,20.783,67.9,66.918,70.23,65.814,0,91.013,19.08,16.04,35.11,35.11,45.41,7.02,5.75,16.55,16.86,0,0.47,1.2,1.19,91.013,20.56,19.36,39.92,39.92,50.26,11.6,9.56,27.42,28.17,0,0.69,1.11,1.06,7,425,98,,,,,,,,,,,87782,425
50.658,50.56,50.56,50.658,50.658,32.643,16.236,16.485,18.015,14.799,7.566,50.658,17.64,18.02,35.66,35.66,38.71,,,,,0.57,0.42,0.97,0.98,50.658,18.71,21.96,40.67,40.67,44.81,3.57,4.16,22.14,24.29,1.95,0.54,0.85,0.85,1,414,0,,,,,,,,,,,97502,414
45.776,45.601,45.601,45.776,45.776,25.071,19.582,18.735,20.705,17.697,0,45.776,18.86,17.54,36.4,36.4,41.56,,,,,0,0.49,1.08,1.08,45.776,19.28,19.53,38.82,38.82,42.83,5.84,5.72,25.57,27.66,0,0.66,0.99,0.99,2,414,35,,,,,,,,,,,97502,414
91.019,90.597,90.597,91.019,91.019,7.503,79.652,68.359,83.516,65.245,8.796,91.019,13.26,15.69,28.94,28.94,40.31,7.84,6.13,15.22,16.97,0.28,0.53,0.97,0.85,91.019,13.91,17.52,31.43,31.43,42.95,11.05,9.19,22.06,24.39,0.51,0.7,0.93,0.79,3,414,49,,,,,,,,,,,97502,414
46.786,46.501,46.501,46.786,46.786,29.232,10.028,15.044,17.554,7.649,14.243,46.786,22.26,23.68,45.94,45.94,49.9,2.19,4.91,18.89,21.81,1.52,0.41,0.86,0.94,46.786,23.26,28.55,51.81,51.81,52.8,2.38,6.21,22.87,28.66,5.33,0.44,0.74,0.81,4,414,64,,,,,,,,,,,97502,414
60.076,59.662,59.662,60.076,60.076,19.629,37.981,32.173,40.447,30.127,23.8,60.076,18.17,17.21,35.38,35.38,43.16,6.18,4.57,15.98,17.73,2.54,0.45,1.12,1.06,60.076,20.68,24.83,45.51,45.51,50.63,10.47,7.89,27.29,29.35,7.74,0.6,0.95,0.83,5,414,78,,,,,,,,,,,97502,414
52.979,52.695,52.695,52.979,52.979,24.978,17.321,27.838,28.001,17.394,15.82,52.979,15.2,23.21,38.41,38.41,45.26,2.14,5.51,14.49,15.86,2.02,0.38,0.6,0.66,52.979,15.77,23.66,39.44,39.44,39.85,3.41,7.38,20.42,23.18,5.67,0.52,0.62,0.67,6,414,92,,,,,,,,,,,97502,414
42.624,42.391,42.391,42.624,42.624,32.4,10.163,10.163,10.224,10.224,5.577,42.624,16.61,17.66,34.26,34.26,36.9,1.74,1.69,14.29,14.29,1.26,0.42,0.95,0.94,42.624,19.69,20.56,40.25,40.25,42.14,2.98,2.62,23.3,23.3,2,0.58,0.98,0.96,1,477,0,,,,,,,,,,,87782,477
42.624,42.391,42.391,42.624,42.624,32.4,10.163,10.163,10.224,10.224,5.577,42.624,16.61,17.66,34.26,34.26,36.9,1.74,1.69,14.29,14.29,1.26,0.42,0.95,0.94,42.624,19.69,20.56,40.25,40.25,42.14,2.98,2.62,23.3,23.3,2,0.58,0.98,0.96,1,477,0,,,,,,,,,,,97485,477
42.624,42.391,42.391,42.624,42.624,32.4,10.163,10.163,10.224,10.224,5.577,42.624,16.61,17.66,34.26,34.26,36.9,1.74,1.69,14.29,14.29,1.26,0.42,0.95,0.94,42.624,19.69,20.56,40.25,40.25,42.14,2.98,2.62,23.3,23.3,2,0.58,0.98,0.96,2,477,0,,,,,,,,,,,87782,477
42.624,42.391,42.391,42.624,42.624,32.4,10.163,10.163,10.224,10.224,5.577,42.624,16.61,17.66,34.26,34.26,36.9,1.74,1.69,14.29,14.29,1.26,0.42,0.95,0.94,42.624,19.69,20.56,40.25,40.25,42.14,2.98,2.62,23.3,23.3,2,0.58,0.98,0.96,2,477,0,,,,,,,,,,,97485,477
55.746,55.416,55.416,55.746,55.746,23.954,28.486,30.496,31.792,27.615,14.091,55.746,15.18,16.83,32.01,32.01,39.16,,,,,0.72,0.41,0.88,0.9,55.746,18.03,20.79,38.83,38.83,46.57,6.29,6.46,22.23,23.92,2.34,0.57,0.89,0.87,3,477,28,,,,,,,,,,,87782,477
55.746,55.416,55.416,55.746,55.746,23.954,28.486,30.496,31.792,27.615,14.091,55.746,15.18,16.83,32.01,32.01,39.16,,,,,0.72,0.41,0.88,0.9,55.746,18.03,20.79,38.83,38.83,46.57,6.29,6.46,22.23,23.92,2.34,0.57,0.89,0.87,3,477,28,,,,,,,,,,,97485,477
77.234,76.878,76.878,77.234,77.234,28.9,48.13,8.205,48.334,8.272,30.337,77.234,15.72,17.53,33.25,33.25,39.41,,,,,3.26,0.43,1.34,0.9,77.234,15.97,18.23,34.2,34.2,36.43,11.01,0.84,18.94,27.8,11.17,0.55,1.41,0.88,4,477,42,,,,,,,,,,,87782,477
77.234,76.878,76.878,77.234,77.234,28.9,48.13,8.205,48.334,8.272,30.337,77.234,15.72,17.53,33.25,33.25,39.41,,,,,3.26,0.43,1.34,0.9,77.234,15.97,18.23,34.2,34.2,36.43,11.01,0.84,18.94,27.8,11.17,0.55,1.41,0.88,4,477,42,,,,,,,,,,,97485,477
46.337,46.182,46.182,46.337,46.337,0,45.162,13.933,46.337,12.96,45.162,46.337,14.7,13.43,28.13,28.13,0,13.96,2.46,16.42,19.67,8.45,0.58,1.8,1.1,46.337,19.39,16.88,36.26,36.26,0,18.31,3.67,21.98,28.02,27.81,0.61,1.83,1.15,5,477,56,,,,,,,,,,,87782,477
46.337,46.182,46.182,46.337,46.337,0,45.162,13.933,46.337,12.96,45.162,46.337,14.7,13.43,28.13,28.13,0,13.96,2.46,16.42,19.67,8.45,0.58,1.8,1.1,46.337,19.39,16.88,36.26,36.26,0,18.31,3.67,21.98,28.02,27.81,0.61,1.83,1.15,5,477,56,,,,,,,,,,,97485,477
69.553,69.151,69.151,69.553,69.553,5.154,64.036,63.178,64.399,63.535,0,69.553,14.86,15.9,30.76,30.76,44.06,9.16,8.91,19.52,19.67,0,0.63,0.97,0.93,69.553,16.57,16.79,33.36,33.36,47.52,12.79,11.38,26.11,26.24,0,0.78,1.04,0.99,6,477,71,,,,,,,,,,,87782,477
69.553,69.151,69.151,69.553,69.553,5.154,64.036,63.178,64.399,63.535,0,69.553,14.86,15.9,30.76,30.76,44.06,9.16,8.91,19.52,19.67,0,0.63,0.97,0.93,69.553,16.57,16.79,33.36,33.36,47.52,12.79,11.38,26.11,26.24,0,0.78,1.04,0.99,6,477,71,,,,,,,,,,,97485,477
89.507,88.789,88.789,89.507,89.507,22.321,60.247,61.922,67.186,56.033,0,89.507,17.19,23.98,41.16,41.16,48.6,6.25,6.62,17.14,17.68,0,0.42,0.77,0.72,89.507,17.9,22.83,40.72,40.72,47.06,8.84,9.31,24.17,25.22,0,0.59,0.83,0.78,7,477,84,,,,,,,,,,,87782,477
89.507,88.789,88.789,89.507,89.507,22.321,60.247,61.922,67.186,56.033,0,89.507,17.19,23.98,41.16,41.16,48.6,6.25,6.62,17.14,17.68,0,0.42,0.77,0.72,89.507,17.9,22.83,40.72,40.72,47.06,8.84,9.31,24.17,25.22,0,0.59,0.83,0.78,7,477,84,,,,,,,,,,,97485,477
49.681,49.397,49.397,49.681,49.681,7.488,40.388,41.258,42.193,39.889,0,49.681,12.95,18.08,31.03,31.03,40.49,6.68,7.77,17.02,17.23,0,0.55,0.76,0.72,49.681,15.03,19.97,35,35,44.57,9,11.67,24.35,24.77,0,0.7,0.76,0.75,8,477,98,,,,,,,,,,,87782,477
49.681,49.397,49.397,49.681,49.681,7.488,40.388,41.258,42.193,39.889,0,49.681,12.95,18.08,31.03,31.03,40.49,6.68,7.77,17.02,17.23,0,0.55,0.76,0.72,49.681,15.03,19.97,35,35,44.57,9,11.67,24.35,24.77,0,0.7,0.76,0.75,8,477,98,,,,,,,,,,,97485,477
49.878,49.599,49.599,49.878,49.878,36.657,12.113,12.377,13.221,11.365,8.33,49.878,14.89,17.76,32.65,32.65,35.77,,,,,0.29,0.5,0.82,0.84,49.878,17.57,19.96,37.54,37.54,39.53,2.63,3.17,21.93,23.26,0.75,0.58,0.87,0.88,1,470,0,,,,,,,,,,,97502,470
37.082,34.654,30.892,37.082,28.826,1.04,30.894,31.818,36.042,27.068,9.282,37.082,11.6,7.77,19.37,22.28,34.67,,,,,1.68,0.97,1.21,1.3,37.082,16.54,14.13,30.66,34.83,42.15,13.07,10.93,24.68,27.88,3.2,0.8,1.18,1.04,2,470,35,,,,,,,,,,,97502,470
53.776,53.342,53.342,53.776,53.776,0,53.342,50.516,53.776,50.943,25.835,53.776,14.22,12.75,26.97,26.97,0,8.27,6.7,14.97,15.23,2.12,0.56,1.16,1.12,53.776,19.01,15.26,34.27,34.27,0,12.35,11.46,23.81,24.4,6.09,0.69,1.17,1.25,3,470,49,,,,,,,,,,,97502,470
49.956,49.562,49.562,49.956,49.956,12.096,35.9,35.735,37.86,34.307,0,49.956,16.16,17.21,33.37,33.37,42.2,5.72,6.55,16.18,16.5,0,0.48,0.92,0.94,49.956,18,18.46,36.46,36.46,37.74,8.54,9.7,24.05,24.61,0,0.66,0.94,0.97,4,470,64,,,,,,,,,,,97502,470
54.167,53.759,53.759,54.167,54.167,26.54,27.408,7.524,27.627,7.613,31.037,54.167,15.35,17.43,32.78,32.78,39.61,3.59,0.77,8.53,11.38,3.88,0.26,1.04,0.88,54.167,18.73,20.13,38.86,38.86,44.53,6.15,1.95,15.87,24.38,12.96,0.41,1.13,0.93,5,470,78,,,,,,,,,,,97502,470
49.153,48.894,48.894,49.153,49.153,24.467,23.821,23.062,24.686,22.383,21.925,49.153,16.38,18.64,35.02,35.02,41.46,4.31,3.85,16.27,16.67,1.99,0.46,0.92,0.88,49.153,18.37,20.83,39.21,39.21,44.65,5.85,6.48,24.57,25.43,4.93,0.63,0.89,0.88,6,470,92,,,,,,,,,,,97502,470
62.655,62.243,62.243,62.655,62.655,54.736,7.854,5.61,7.919,5.647,14.388,62.655,,,,,,,,,,,,,,62.655,17.61,17.02,34.63,34.63,35.85,1.08,0.97,16.18,19.78,1.74,0.47,1.04,1.03,1,479,0,1.77,2.09,30.51,37.96,,,,,,,87780,479
51.41,51.046,51.046,51.41,51.41,41.601,8.176,9.079,9.809,7.472,6.105,51.41,,,,,,,,,,,,,,51.41,18.2,16.9,35.1,35.1,36.92,1.07,1.75,14.79,16.94,0.89,0.42,1.03,1.08,2,479,28,1.57,2.83,23.08,25.89,,,,,,,87780,479
46.096,45.697,45.697,46.096,46.096,46.096,0,0,0,0,0,46.096,,,,,,,,,,,,,,46.096,22.32,20.94,43.26,43.26,43.26,0,0,0,0,0,0,1.07,1.07,3,479,42,0,0,0,0,,,,,,,87780,479
51.426,51.116,51.098,51.426,51.426,29.215,14.211,20.027,22.211,12.178,18.93,51.426,,,,,,,,,,,,,,51.426,18.46,19.07,37.53,37.53,41.43,3.19,4.67,18.18,21.75,4.32,0.48,0.91,0.97,4,479,56,4.46,7.76,28.3,30.95,,,,,,,87780,479
53.103,52.643,52.643,53.103,53.103,38.272,7.862,12.505,14.831,5.631,0,53.103,,,,,,,,,,,,,,53.103,20.11,18.92,39.04,39.04,43.33,1.34,2.76,14.66,20.66,0,0.38,0.99,1.06,5,479,71,1.47,3.22,16.79,18.51,,,,,,,87780,479
45.424,45.045,45.045,45.424,45.424,1.87,40.958,42.41,43.554,40.546,0,45.424,11.67,10.64,22.31,22.31,28.41,4.38,5.92,10.74,11.04,0,0.48,0.97,1.1,45.424,13.6,13.08,26.68,26.68,34.62,7.81,10.23,18.81,19.35,0,0.71,0.92,1.04,6,479,84,,,,,,,,,,,87780,479
52.098,51.706,51.706,52.098,52.098,33.666,16.553,18.269,18.432,16.704,9.305,52.098,,,,,,,,,,,,,,52.098,14.55,19.4,33.95,33.95,34.84,2.98,3.94,19.58,20.47,2.52,0.58,0.75,0.75,7,479,98,5.46,5.51,31.05,32.81,,,,,,,87780,479
56.575,56.31,56.31,56.575,56.575,27.297,27.084,23.674,29.278,21.757,1.584,56.575,17.13,13.57,30.7,30.7,35.71,,,,,0.1,0.5,1.23,1.26,56.575,20.27,15.45,35.72,35.72,39.52,7.31,5.9,24.53,28.8,0.38,0.69,1.29,1.31,1,498,0,,,,,,,,,,,97502,498
45.907,43.781,45.827,45.907,43.844,8.673,32.981,36.033,37.234,31.94,13.586,45.907,12.08,17.68,29.76,30.16,42.17,,,,,1.39,0.61,0.71,0.72,45.907,14.3,18.86,33.16,33.76,46.12,9.39,11.09,25.26,27.22,4.19,0.76,0.79,0.8,2,498,35,,,,,,,,,,,97502,498
49.215,48.821,48.821,49.215,49.215,2.768,43.18,46.051,46.447,43.551,27.406,49.215,12.06,19.45,31.51,31.51,40.52,8.54,9.02,18.61,19.2,2.21,0.59,0.72,0.62,49.215,15.51,17.83,33.34,33.34,47.12,11.96,13.38,26.85,27.26,6.78,0.81,0.88,0.87,3,498,49,,,,,,,,,,,97502,498
48.33,48.114,48.114,48.33,48.33,28.762,11.724,14.536,19.568,6.749,5.309,48.33,20.05,17.32,37.37,37.37,40.06,2.29,2.72,12.14,13.7,0.67,0.32,1.11,1.16,48.33,21.97,17.89,39.86,39.86,40.81,3.25,4.59,18.98,25.27,2.49,0.48,1.12,1.23,4,498,64,,,,,,,,,,,97502,498
31.159,22.784,31.001,31.159,22.902,11.266,19.78,18.691,19.893,18.789,14.797,31.159,9.54,12.78,22.32,24.78,32.49,5.91,5.22,17.41,17.17,1.81,0.78,0.86,1.11,31.159,11.41,15.35,26.76,29.48,33.77,7.41,8.44,24.8,24.95,5.64,0.93,0.79,1.12,5,498,78,,,,,,,,,,,97502,498
39.473,39.256,39.256,39.473,39.473,24.849,11.571,13.825,14.624,10.944,14.243,39.473,,,,,,,,,,,,,,39.473,20.88,17.47,38.35,38.35,44.44,3.99,4.49,22.88,26.57,5.87,0.6,1.13,1.2,6,498,92,6.69,5.56,33.04,37.64,,,,,,,97502,498
40.72,40.603,40.603,40.72,40.72,26.958,12.792,13.064,13.762,12.082,7.974,40.72,16.14,18.64,34.77,34.77,40.75,2.53,3.42,17.63,17.67,2.11,0.51,0.85,0.87,40.72,19.64,20.53,40.17,40.17,45.11,4.21,4.58,26.03,27.54,1.44,0.65,0.95,0.96,1,180,0,,,,,,,,,,,117068,180
49.347,49.027,49.027,49.347,49.347,31.474,16.888,16.756,17.873,15.889,0,49.347,15.66,20,35.66,35.66,41.28,3.32,3.53,18.92,20.05,0,0.53,0.81,0.78,49.347,17.47,20.43,37.9,37.9,41.43,4.92,4.75,26.72,27.89,0,0.71,0.89,0.86,2,180,22,,,,,,,,,,,117068,180
67.061,66.665,66.665,67.061,67.061,21.713,41.164,43.001,45.348,39.316,0,67.061,19.62,16.27,35.89,35.89,46.9,,,,,0,0.53,1.21,1.21,67.061,20.13,16.67,36.8,36.8,42.57,8.78,8.32,25.29,26.55,0,0.69,1.16,1.21,3,180,36,,,,,,,,,,,117068,180
56.429,56.147,56.147,56.429,56.429,10.816,40.354,41.55,45.613,36.733,8.085,56.429,21.26,16.69,37.95,37.95,51.41,6.89,8.5,19.03,20.12,0.37,0.5,1.12,1.27,56.429,20.58,17.94,38.52,38.52,45.54,9.91,10.98,25.83,27.61,0.89,0.67,1.05,1.15,4,180,49,,,,,,,,,,,117068,180
110.202,109.501,109.501,110.202,110.202,7.343,88.961,93.923,102.859,81.262,0,110.202,16.67,14.49,31.16,31.16,40.24,,,,,0,0.56,1.17,1.15,110.202,20.13,16.24,36.37,36.37,42.88,11.72,10.67,23.99,25.95,0,0.66,1.18,1.24,5,180,64,,,,,,,,,,,117068,180
55.501,55.146,55.146,55.501,55.501,6.431,42.794,46.03,49.07,40.447,0,55.501,23.18,18.29,41.48,41.48,45.69,8.06,6.97,16.98,17.04,0,0.41,1.24,1.27,55.501,20.48,18.36,38.85,38.85,41.4,11.41,10.78,25.09,25.66,0,0.65,1.09,1.12,6,180,82,,,,,,,,,,,117068,180
44.385,44.253,44.253,44.385,44.385,16.768,23.951,20.948,27.617,17.41,8.733,44.385,18.33,17.2,35.52,35.52,43.46,,,,,0.89,0.49,1.13,1.07,44.385,16.99,18.83,35.82,35.82,36.05,9.09,6.83,25.58,29.18,2.32,0.71,1.02,0.9,7,180,92,,,,,,,,,,,117068,180
48.676,48.401,48.401,48.676,48.676,40.932,6.925,7.717,7.744,6.944,0,48.676,14.61,11.16,25.77,25.77,26.92,0.82,1.14,12.36,13.22,0,0.48,1.25,1.31,48.676,15.37,14.23,29.6,29.6,30.62,1.72,1.28,18.95,19.81,0,0.64,1.1,1.08,1,187,0,,,,,,,,,,,107467,187
54.255,53.877,53.877,54.255,54.255,36.24,15.292,17.168,18.015,14.606,0,54.255,12.89,11.2,24.09,24.09,26.83,1.27,2.29,10.71,11.08,0,0.44,1.05,1.15,54.255,13.43,13.52,26.95,26.95,29.01,2.23,3.31,16.69,17.15,0,0.62,0.93,0.99,2,187,21,,,,,,,,,,,107467,187
69.394,47.493,68.976,69.394,47.698,9.6,54.74,58.661,59.794,54.322,0,69.394,7.11,10.03,17.14,19.57,32.81,4.51,7.15,13.54,14.22,0,0.79,0.68,1.12,69.394,7.53,11.53,19.06,22.72,35.31,8.42,8.77,19.95,20.92,0,1.05,0.79,0.93,3,187,34,,,,,,,,,,,107467,187
47.253,46.881,45.099,47.253,45.445,7.155,36.036,39.786,40.098,36.338,0,47.253,10.89,8.99,19.88,20.18,32.44,5.26,5.27,12.41,13.17,0,0.62,1.13,1.16,47.253,11.11,11.44,22.56,23.04,29.68,7.71,9.59,20.39,21.44,0,0.9,0.89,0.94,4,187,49,,,,,,,,,,,107467,187
79.329,78.706,78.706,79.329,79.329,0,77.992,75.868,79.329,75.761,0,79.329,7.06,7.46,14.52,14.52,0,6.51,4.78,11.29,11.38,0,0.78,1.11,0.95,79.329,9.41,11.28,20.69,20.69,0,11.24,9.68,20.92,21.17,0,1.01,0.99,0.83,5,187,63,,,,,,,,,,,107467,187
57.775,57.402,57.402,57.775,57.775,11.808,43.618,43.383,45.967,41.694,3.332,57.775,12.27,11.12,23.39,23.39,29.64,,,,,0.12,0.53,1.18,1.1,57.775,11.8,13.63,25.43,25.43,28.69,8.43,7.26,19.72,20.31,0.51,0.78,0.97,0.87,6,187,77,,,,,,,,,,,107467,187
84.002,83.293,83.293,84.002,84.002,3.073,75.594,77.852,80.929,73.891,0,84.002,10.25,7.38,17.63,17.63,32.82,,,,,0,0.92,1.02,1.39,84.002,8.92,10.13,19.05,19.05,33.53,10.87,11.68,23.4,24.58,0,1.23,0.91,0.88,7,187,91,,,,,,,,,,,107467,187
40.128,39.996,39.996,40.128,40.128,30.221,5.632,5.937,9.907,1.696,4.23,40.128,11.42,10.72,22.14,22.14,23.3,1.11,0.77,7.6,10.61,0.44,0.34,1.09,1.07,40.128,14.17,11.59,25.76,25.76,24.98,1.55,1.19,11.08,17.69,0.6,0.43,1.23,1.22,1,188,0,,,,,,,,,,,87786,188
41.022,40.742,40.742,41.022,41.022,27.247,10.296,6.332,13.775,2.943,6.072,41.022,12.42,10.64,23.06,23.06,24.77,1.31,0.7,5.98,8.28,0.59,0.26,1.21,1.17,41.022,11.48,12.73,24.21,24.21,25.69,2.13,1.2,9.89,15.41,1.22,0.41,0.98,0.9,2,188,21,,,,,,,,,,,87786,188
47.974,46.849,47.767,47.974,47.062,16.434,30.607,30.277,31.54,29.539,0.825,47.974,12.53,9.33,21.86,22.13,28.36,4.51,4.05,13.01,13.17,0.2,0.6,1.27,1.37,47.974,14.06,11.49,25.55,25.77,30.95,6.92,5.87,19.46,19.9,0.26,0.76,1.21,1.25,3,188,34,,,,,,,,,,,87786,188
59.954,58.031,59.648,59.954,58.322,13.986,44.01,43.185,45.968,41.679,0,59.954,9.63,10.53,20.16,20.41,29.67,4.12,3.23,9.58,10.03,0,0.48,1,0.94,59.954,12.07,13.38,25.45,25.88,33.62,7.18,5.98,17.17,17.82,0,0.67,0.99,0.92,4,188,49,,,,,,,,,,,87786,188
55.428,54.293,55.118,55.428,54.596,18.658,36.576,32.729,36.77,32.928,0,55.428,10.2,11.66,21.85,22.02,26.9,4.23,2.51,10.17,10.94,0,0.47,1.02,0.89,55.428,13.48,14.61,28.09,28.29,32.54,5.87,4.72,15.96,16.72,0,0.57,1,0.94,5,188,63,,,,,,,,,,,87786,188
65.714,65.309,65.309,65.714,65.714,8.736,55.415,52.082,56.978,51.154,0,65.714,11.11,12.24,23.35,23.35,34.43,,,,,0,0.55,1.06,0.91,65.714,12.53,12.63,25.16,25.16,37.47,9,6.47,17.83,18.51,0,0.71,1.13,0.99,6,188,77,,,,,,,,,,,87786,188
51.596,50.638,51.331,51.596,50.893,10.579,37.963,37.046,41.017,34.539,0,51.596,9.94,10.03,19.97,20.09,24.68,,,,,0,0.56,1.13,1.01,51.596,11.04,11.34,22.38,22.53,28.36,7.67,7.31,18.85,20.24,0,0.84,1,0.99,7,188,91,,,,,,,,,,,87786,188
48.563,48.167,48.167,48.563,48.563,38.978,8.679,7.582,9.585,6.768,13.563,48.563,12.66,16.68,29.34,29.34,32.3,1.29,1.37,13.44,16.64,2.06,0.46,0.77,0.76,48.563,11.9,20.06,31.97,31.97,33.7,2.04,2.4,22.51,27.14,3.87,0.7,0.62,0.59,1,172,0,,,,,,,,,,,97497,172
33.952,31.008,33.78,33.952,31.153,8.271,21.506,23.752,25.681,19.731,0,33.952,8.99,11.99,20.98,21.74,31.68,4.52,4.9,12.46,13.9,0,0.59,0.8,0.82,33.952,11.48,16.24,27.72,28.38,34.69,6.36,7.43,18.24,20.36,0,0.66,0.75,0.79,2,172,21,,,,,,,,,,,97497,172
54.127,53.702,53.702,54.127,54.127,47.774,5.598,6.324,6.353,5.633,0,54.127,22.33,22.85,45.18,45.18,47.76,0.82,1.53,20.02,20.62,0,0.44,0.95,0.98,54.127,21.01,32.24,53.25,53.25,53.78,0.98,2.18,26.87,26.17,0,0.5,0.64,0.65,3,172,35,,,,,,,,,,,97497,172
60.594,60.079,60.079,60.594,60.594,35.844,20.473,20.704,24.75,16.702,0,60.594,11.95,11.07,23.02,23.02,23.53,2.05,1.9,9.67,10.79,0,0.42,1.08,1.08,60.594,12.35,14.18,26.53,26.53,26.51,3.82,4.42,20.17,21.47,0,0.76,0.87,0.87,4,172,49,,,,,,,,,,,97497,172
65.056,64.661,64.661,65.056,65.056,37.998,25.798,24.707,27.058,23.857,0,65.056,14.82,17.63,32.45,32.45,39.31,3.39,3.67,16.95,17.14,0,0.52,0.85,0.84,65.056,15.22,17.54,32.76,32.76,38,4.7,4.64,22.43,23.67,0,0.68,0.9,0.87,5,172,63,,,,,,,,,,,97497,172
55.756,55.197,55.197,55.756,55.756,55.756,0,0,0,0,0,55.756,19.51,15.03,34.54,34.54,34.54,0,0,0,0,0,0,1.3,1.3,55.756,23.38,21.18,44.56,44.56,44.56,0,0,0,0,0,0,1.1,1.1,6,172,77,,,,,,,,,,,97497,172
53.185,52.75,52.75,53.185,53.185,53.185,0,0,0,0,39.695,53.185,18.11,16.52,34.63,34.63,34.63,0,0,0,0,5.99,0,1.1,1.1,53.185,19.8,23.13,42.93,42.93,42.93,0,0,0,0,8.28,0,0.86,0.86,7,172,91,,,,,,,,,,,97497,172
60.67,60.211,60.211,60.67,60.67,60.67,0,0,0,0,30.155,60.67,17.89,16.19,34.08,34.08,34.08,0,0,0,0,3.49,0,1.1,1.1,60.67,24.89,27.46,52.35,52.35,52.35,0,0,0,0,5.65,0,0.91,0.91,8,172,98,,,,,,,,,,,97497,172
51.838,51.541,51.541,51.838,51.838,49.663,1.428,2.187,2.175,1.408,5.459,51.838,11.95,13.64,25.59,25.59,25.94,0.17,0.2,8.89,11.99,0.52,0.35,0.88,0.88,51.838,15.02,14.37,29.4,29.4,29.89,0.21,0.39,14.43,17.63,1.03,0.49,1.03,1.04,1,186,0,,,,,,,,,,,107463,186
50.612,50.314,50.314,50.612,50.612,46.612,3.96,3.96,4,4,3.861,50.612,14.35,14.1,28.45,28.45,29.14,0.39,0.31,8.88,8.88,0.77,0.31,1.02,1.02,50.612,14.7,16.4,31.09,31.09,31.85,0.37,0.59,12.13,12.13,0.52,0.39,0.89,0.9,2,186,21,,,,,,,,,,,107463,186
57.37,57.006,57.006,57.37,57.37,22.621,30.652,28.577,34.749,24.828,0,57.37,11.27,13.2,24.46,24.46,30.17,2.72,3.13,9.66,11.06,0,0.39,0.86,0.85,57.37,13.13,14.67,27.8,27.8,31.43,4.94,5.56,17.33,19.78,0,0.62,0.89,0.89,3,186,34,,,,,,,,,,,107463,186
110.741,109.909,109.909,110.741,110.741,102.02,7.842,7.941,8.721,7.153,0,110.741,14.87,16.93,31.8,31.8,32.88,0.3,0.37,8.52,8.37,0,0.27,0.88,0.88,110.741,19.99,19.83,39.81,39.81,41.12,0.69,0.55,15.78,17.01,0,0.4,1.02,1.01,4,186,49,,,,,,,,,,,107463,186
46.056,45.874,45.874,46.056,46.056,27.493,15.609,16.429,18.563,13.682,15.678,46.056,13.12,12.5,25.62,25.62,27.43,2.13,1.99,10.23,11.17,0.73,0.4,1.05,1.05,46.056,15.03,14.17,29.19,29.19,30.86,3.33,3.62,17.22,18.81,1.68,0.59,1.03,1.06,5,186,63,,,,,,,,,,,107463,186
50.717,50.488,50.488,50.717,50.717,19.708,30.853,25.576,31.009,25.696,0,50.717,11.38,14.23,25.6,25.6,32.44,,,,,0,0.44,0.88,0.8,50.717,12.66,14.42,27.08,27.08,27.36,6.75,5.27,19.62,21.81,0,0.72,0.99,0.88,6,186,77,,,,,,,,,,,107463,186
59.753,58.792,59.551,59.753,59.001,18.717,38.776,37.897,41.036,35.786,0,59.753,11.7,12.05,23.74,23.94,32.11,,,,,0,0.52,0.95,0.98,59.753,13.48,13.7,27.18,27.26,31.46,6.02,6.96,18.9,20.12,0,0.7,0.94,1,7,186,91,,,,,,,,,,,107463,186
42.658,42.498,42.498,42.658,42.658,30.062,9.208,9.88,12.596,6.498,15.416,42.658,16.86,18.64,35.51,35.51,37.45,1.72,1.78,11.86,16.35,5.58,0.33,0.91,0.9,42.658,18.02,20.32,38.34,38.34,39.94,2.85,3,19.83,25.02,5.17,0.52,0.89,0.89,1,181,0,,,,,,,,,,,117067,181
52.815,52.37,52.37,52.815,52.815,6.943,42.767,44.681,45.872,42.337,11.484,52.815,13.71,13.14,26.85,26.85,37.26,6.75,8.14,17.15,17.72,0.75,0.64,0.96,1.04,52.815,15.35,14.81,30.16,30.16,48.23,9.03,10.15,22.09,22.58,1.75,0.73,0.98,1.04,2,181,22,,,,,,,,,,,117067,181
59.45,58.392,59.106,59.45,58.746,12.445,40.149,46.005,47.005,39.615,0,59.45,16.37,20.05,36.42,36.58,42.79,,,,,0,0.53,0.85,0.83,59.45,15.42,19.31,34.74,34.94,39.2,9.33,10.25,24.79,26.76,0,0.71,0.84,0.81,3,181,36,,,,,,,,,,,117067,181
50.746,50.408,50.408,50.746,50.746,41.292,8.631,9.39,9.454,8.686,27.807,50.746,24.28,21.52,45.8,45.8,48.54,1.73,2.21,21.19,21.39,5.87,0.46,1.1,1.13,50.746,18.8,19.29,38.08,38.08,40.25,1.85,2.69,24.42,24.92,15.13,0.64,0.94,0.97,4,181,49,,,,,,,,,,,117067,181
56.232,55.935,55.935,56.232,56.232,17.902,33.038,30.149,38.33,25.113,0,56.232,20.71,19.31,40.03,40.03,48.82,,,,,0,0.4,1.12,1.07,56.232,19.39,17.26,36.65,36.65,44.04,7.24,5.6,18.84,20.83,0,0.51,1.17,1.12,5,181,64,,,,,,,,,,,117067,181
52.798,52.452,52.452,52.798,52.798,7.615,42.948,44.169,45.183,42.479,0,52.798,14.5,16.91,31.41,31.41,44.38,7.58,8.87,19.24,19.12,0,0.61,0.86,0.86,52.798,15.22,15.79,31.01,31.01,39.69,9.3,9.87,22.4,22.33,0,0.72,0.96,0.96,6,181,82,,,,,,,,,,,117067,181
67.727,67.413,67.413,67.727,67.727,38.622,18.938,14.993,29.105,4.993,34.34,67.727,21.21,29.2,50.41,50.41,57.96,,,,,3.46,0.32,0.77,0.73,67.727,21.1,30.03,51.13,51.13,56.38,4.73,3.86,19.98,34.4,10.29,0.39,0.76,0.7,7,181,92,,,,,,,,,,,117067,181
46.254,46.059,46.059,46.254,46.254,31.197,7.593,9.756,15.057,2.368,0.884,46.254,15.22,14.98,30.21,30.21,33.99,1.44,1.73,9.74,13.01,0.08,0.32,1,1.02,46.254,22.27,19.53,41.8,41.8,45.16,2.03,2.77,14.74,21.79,0.21,0.35,1.09,1.14,1,153,0,,,,,,,,,,,97479,153
50.47,50.083,50.083,50.47,50.47,9.151,40.981,40.981,41.319,41.319,13.893,50.47,11.87,11.51,23.38,23.38,41.36,7.05,7.51,17.78,17.78,0.7,0.76,0.99,1.03,50.47,14.17,14.99,29.16,29.16,44.23,11.21,11.08,27.24,27.24,1.79,0.93,0.97,0.95,2,153,20,,,,,,,,,,,97479,153
46.373,46.187,44.57,46.373,44.741,0,45.099,39.389,46.373,38.436,42.795,46.373,13.63,4.68,18.31,18.27,0,7.45,4.34,11.8,11.96,10.01,0.64,2.34,2.76,46.373,16.59,11.37,27.95,28.08,0,15.42,9.91,25.33,23.93,30.63,0.91,1.5,1.38,3,153,34,,,,,,,,,,,97479,153
62.846,62.461,60.712,62.846,61.087,18,44.609,42.763,44.846,43.006,21.217,62.846,16.4,14.76,31.15,31.68,49.91,7.55,5.59,18.4,18.71,1.07,0.59,1.18,1.09,62.846,14.84,15.75,30.59,31.16,41.98,11.63,8.25,27.84,28.3,2.88,0.91,1.1,0.92,4,153,49,,,,,,,,,,,97479,153
46.379,46.173,45.051,46.379,45.243,1.377,44.779,44.779,45.002,45.002,27.982,46.379,12.05,6.35,18.4,18.46,42.59,9.3,6.4,16.17,16.17,3.6,0.88,1.68,1.84,46.379,14.77,12.55,27.32,27.69,45.78,14.75,13.44,29.05,29.05,9.92,1.06,1.14,1.15,5,153,63,,,,,,,,,,,97479,153
46.993,46.643,46.643,46.993,46.993,0,46.643,46.643,46.993,46.993,37.848,46.993,12.47,9.31,21.78,21.78,0,7.85,8.3,16.15,16.15,10.97,0.74,1.15,1.34,46.993,14.71,23.13,37.84,37.84,0,15.69,14.66,30.35,30.35,41.04,0.8,0.8,0.64,6,153,77,,,,,,,,,,,97479,153
57.007,56.513,55.527,57.007,56.031,0,56.513,55.787,57.007,56.271,33.524,57.007,10.76,8.19,18.95,19.1,0,8.15,8.5,16.65,16.64,3.12,0.88,1.13,1.29,57.007,12,11.52,23.52,23.68,0,13.44,13.82,27.26,27.4,6.17,1.16,1,1.02,7,153,91,,,,,,,,,,,97479,153
48.995,44.713,48.772,48.995,44.899,0,43.133,48.772,48.995,43.378,34.594,48.995,12.07,13.51,25.58,26.57,0,7.63,8.49,16.12,17.16,6.68,0.63,0.9,0.98,48.995,17.89,18.56,36.45,38.4,0,10.48,16.5,26.98,28.23,15.91,0.74,0.81,1.03,1,154,0,,,,,,,,,,,97479,154
50.986,50.587,50.587,50.986,50.986,7.805,39.378,42.824,43.181,39.758,0,50.986,12.62,8.67,21.29,21.29,33.58,4.26,6.33,12.51,12.82,0,0.59,1.13,1.46,50.986,16.39,11.5,27.9,27.9,39.45,6.31,11.43,20.95,21.65,0,0.75,0.99,1.43,2,154,302,,,,,,,,,,,97479,154
45.856,45.473,45.473,45.856,45.856,0,44.623,34.781,45.856,34.208,23.542,45.856,13.22,12.07,25.29,25.29,0,8.79,4.6,13.39,14.78,7.37,0.53,1.32,1.09,45.856,22.39,19.72,42.11,42.11,0,12.79,9.3,22.09,25.61,19.91,0.52,1.21,1.14,3,154,322,,,,,,,,,,,97479,154
44.136,43.975,43.975,44.136,44.136,0,43.183,40.495,44.136,39.866,40.156,44.136,9.74,8.83,18.57,18.57,0,6.81,7.41,14.21,14.71,8.72,0.77,1.02,1.1,44.136,14.69,16.21,30.89,30.89,0,12.71,12.5,25.21,25.81,28.11,0.82,0.95,0.91,4,154,336,,,,,,,,,,,97479,154
51.232,50.919,50.919,51.232,51.232,4.352,40.371,45.243,46.88,39.247,0,51.232,16.79,11.41,28.19,28.19,45.95,7.25,9.05,17.82,18.85,0,0.63,1.18,1.47,51.232,16.79,13.66,30.45,30.45,38.6,9.83,11.47,23.29,25.04,0,0.76,1.06,1.23,5,154,351,,,,,,,,,,,97479,154
46.359,46.057,46.057,46.359,46.359,0,46.057,46.057,46.359,46.359,20.012,46.359,6.6,14.04,20.64,20.64,0,9.42,8.91,18.33,18.33,3.35,0.89,0.7,0.47,46.359,11.77,14.88,26.64,26.64,0,13.19,12.91,26.11,26.11,12.56,0.98,0.9,0.79,6,154,379,,,,,,,,,,,97479,154
52.372,52.067,52.067,52.372,52.372,24.518,23.134,26.863,27.854,22.477,9.401,52.372,20.92,16.88,37.81,37.81,45.65,3.48,5.42,16.73,17.32,0.85,0.44,1.09,1.24,52.372,21.06,19.62,40.68,40.68,45.34,5.55,6.94,23.49,24.91,2.25,0.58,1,1.07,7,154,393,,,,,,,,,,,97479,154
48.386,48.086,48.086,48.386,48.386,30.143,17.153,18.173,18.243,17.234,0,48.386,17.35,15.53,32.88,32.88,37.4,2.33,3.12,14.47,14.7,0,0.44,1.05,1.12,48.386,16.18,18.83,35.01,35.01,38.02,3.63,4.47,21.52,21.64,0,0.61,0.85,0.86,1,501,0,,,,,,,,,,,107442,501
58.577,58.195,58.195,58.577,58.577,18.642,37.656,36.225,39.935,34.464,21.052,58.577,15.75,17.81,33.56,33.56,49.41,6.87,5.82,18.61,20.41,1.59,0.55,0.96,0.88,58.577,18.77,23.53,42.3,42.3,54.24,8.7,9.49,26.68,29.1,4.97,0.63,0.83,0.8,2,501,21,,,,,,,,,,,107442,501
50.878,50.635,50.635,50.878,50.878,26.316,12.908,18.937,24.562,7.409,8.314,50.878,19.05,15.18,34.23,34.23,39.17,2.37,4.4,14.02,17.67,0.57,0.41,1.09,1.25,50.878,16.8,16.57,33.37,33.37,36.27,3.55,6.48,20.78,26.29,1.55,0.62,0.88,1.01,3,501,35,,,,,,,,,,,107442,501
45.935,45.564,44.475,45.935,44.83,4.096,40.713,37.809,41.839,37.311,32.201,45.935,19.87,11.4,31.27,31.61,55.14,9.3,8.19,19.2,19.98,5.07,0.61,1.49,1.71,45.935,17.14,16.2,33.34,33.66,41.07,12.69,11.67,26.75,28.26,12.77,0.8,1.07,1.03,4,501,49,,,,,,,,,,,107442,501
53.634,53.206,53.206,53.634,53.634,10.226,43.006,0,43.408,0,5.683,53.634,15.5,16.69,32.18,32.18,41.79,10.49,0,12.96,0,0.49,0.4,1.56,0.93,53.634,18.38,19.48,37.86,37.86,44.85,15.09,0,18.64,0,1.61,0.49,1.72,0.94,5,501,63,,,,,,,,,,,107442,501
48.461,48.054,48.054,48.461,48.461,0,43.5,48.054,48.461,43.853,27.839,48.461,,,,,,,,,,,0.58,0.75,0.74,48.461,12.84,18.53,31.38,31.38,0,11.64,13.12,24.75,25.52,7.36,0.79,0.77,0.69,6,501,77,15.34,20.33,35.66,35.65,26.23,35.42,61.65,61.65,0,4.91,107442,501
55.949,55.694,55.694,55.949,55.949,12.063,42.989,43.715,43.886,43.15,0,55.949,16.87,16.27,33.14,33.14,46.92,6.73,7.39,18.02,18.12,0,0.54,1,1.04,55.949,18.78,18.63,37.41,37.41,43.83,10.57,12.12,28.96,29.13,0,0.77,0.95,1.01,7,501,91,,,,,,,,,,,107442,501
87.662,87.122,87.122,87.662,87.662,83.006,2.76,2.595,4.656,0.704,0,87.662,14.81,11.66,26.47,26.47,26.85,0.37,0.12,9.18,13.32,0,0.35,1.29,1.27,87.662,14.92,15.77,30.69,30.69,30.9,0.5,0.27,14.3,22.92,0,0.47,0.96,0.95,1,96,0,,,,,,,,,,,107455,96
46.064,45.855,45.855,46.064,46.064,17.185,25.9,27.248,28.879,24.417,9.73,46.064,12.06,12.99,25.05,25.05,33.13,3.76,3.93,12.28,12.52,1.54,0.49,0.94,0.93,46.064,13.29,15.2,28.49,28.49,26.57,5.69,6.42,19.32,20.34,1.9,0.68,0.88,0.87,2,96,21,,,,,,,,,,,107455,96
46.862,46.576,46.576,46.862,46.862,25.393,14.581,21.341,21.469,14.687,4.862,46.862,11.43,9.54,20.96,20.96,25.64,1.6,3.77,11.72,13.35,0.26,0.56,0.98,1.2,46.862,14.11,15.86,29.98,29.98,35.4,2.79,4.99,16.96,19.08,0.82,0.57,0.81,0.89,3,96,35,,,,,,,,,,,107455,96
54.973,54.589,54.589,54.973,54.973,2.8,51.817,47.226,52.173,47.566,11.352,54.973,7.37,7.42,14.79,14.79,16.32,7.35,6.56,14.66,15.26,0.67,0.99,1.05,0.99,54.973,9.88,8.5,18.38,18.38,18.03,11.42,8.22,20.68,21.66,1.75,1.13,1.27,1.16,4,96,49,,,,,,,,,,,107455,96
52.707,52.227,52.227,52.707,52.707,0,52.227,37.476,52.707,37.81,27.081,52.707,8.12,7.78,15.9,15.9,0,12.71,3.84,16.55,16.55,3.82,1.04,1.79,1.04,52.707,9.86,9.24,19.1,19.1,0,17.99,8.13,26.12,23.97,11.33,1.37,1.6,1.07,5,96,63,,,,,,,,,,,107455,96
60.482,60.026,60.026,60.482,60.482,5.775,53.492,50.951,54.707,50.468,16.632,60.482,8.56,7.53,16.09,16.09,24.45,5.54,4.82,11.45,11.55,0.65,0.71,1.14,1.14,60.482,11.75,8.47,20.22,20.22,35.5,8.34,8,18.06,18.67,2.06,0.89,1.22,1.39,6,96,77,,,,,,,,,,,107455,96
50.945,41.738,50.601,50.945,42.049,0,47.11,44.793,50.945,41.554,0,50.945,5.46,5.41,10.87,12,0,8.43,4.88,13.31,14.13,0,1.22,1.35,1.23,50.945,9.06,8.86,17.91,20.24,0,10.57,7.88,18.45,18.79,0,1.03,1.17,1.18,7,96,91,,,,,,,,,,,107455,96
71.179,70.686,70.686,71.179,71.179,23.79,42.936,46.302,47.389,42.397,0,71.179,14.85,20.78,35.62,35.62,45.62,6.59,7.07,20.52,21.31,0,0.58,0.77,0.71,71.179,17.98,22.39,40.37,40.37,46.54,8.21,8.7,25.39,26.51,0,0.63,0.84,0.8,1,500,0,,,,,,,,,,,97494,500
57.139,56.651,55.397,57.139,55.875,4.401,52.295,52.295,52.738,52.738,39.369,57.139,13.16,14.57,27.73,27.69,53.79,6.37,11.23,19.08,19.08,2.83,0.69,0.76,0.86,57.139,13.66,23.39,37.05,37.34,40.55,10.14,13.49,25.6,25.6,7.43,0.69,0.65,0.56,2,500,21,,,,,,,,,,,97494,500
103.191,102.555,102.555,103.191,103.191,12.094,88.775,70.943,91.097,69.642,0,103.191,14.48,21.68,36.16,36.16,47.39,11.81,8.94,23.5,24.42,0,0.65,0.86,0.67,103.191,17.33,21.51,38.84,38.84,42.92,13.63,9.64,26.36,28.85,0,0.68,0.99,0.81,3,500,35,,,,,,,,,,,97494,500
59.988,59.663,59.663,59.988,59.988,6.319,49.311,53.337,53.669,49.603,0,59.988,19.31,18.71,38.02,38.02,51.47,10.13,14,26.97,27.38,0,0.71,0.9,1.03,59.988,18.97,18.93,37.9,37.9,45.89,11.65,12.98,27.53,28.34,0,0.73,0.96,1,4,500,49,,,,,,,,,,,97494,500
79.339,78.822,78.822,79.339,79.339,9.951,66.361,68.044,69.388,66.027,0,79.339,14.17,13.79,27.96,27.96,40.49,9.48,10.96,23.37,23.86,0,0.84,0.96,1.03,79.339,13.79,16.39,30.19,30.19,36.29,12.71,12.09,28.34,29.01,0,0.94,0.93,0.84,5,500,63,,,,,,,,,,,97494,500
48.3,48.133,48.133,48.3,48.3,11.568,33.688,36.632,36.732,33.789,34.221,48.3,,,,,,,,,,,0.62,0.93,0.92,48.3,23.4,22.67,46.07,46.07,63.44,10.92,11.22,29.11,30.54,13.8,0.63,1.01,1.03,6,500,77,16.38,16.99,43.87,45.67,34,36.92,70.92,70.92,97.05,8.6,97494,500
58.13,56.377,53.341,58.13,52.417,0,57.697,57.697,58.13,58.13,52.719,58.13,9.49,12.52,22.01,23.29,0,7.8,12.23,20.03,20.03,15.27,0.91,0.7,0.72,58.13,18.63,14.67,33.3,34.68,0,11.9,15.09,27,27,46.78,0.81,1.03,1.2,7,500,91,,,,,,,,,,,97494,500
52.206,0,0,52.206,52.206,9.105,0,0,43.101,33.932,0,52.206,0,0,0,0,0,0,0,0,0,0,0,0,0,52.206,19.79,27.5,47.3,47.3,45.65,6.52,7.79,17.32,19.45,17.78,0.37,0.75,0.72,1,152,0,,,,,,,,,,,97479,152
45.088,44.969,44.969,45.088,45.088,16.465,27.759,28.518,28.623,27.855,18.132,45.088,12.5,19.03,31.52,31.52,40.7,5.59,5.08,16.83,16.89,2.41,0.53,0.75,0.66,45.088,18.75,28.96,47.71,47.71,51.31,8.21,10.39,29.33,29.73,8.89,0.61,0.69,0.65,2,152,14,,,,,,,,,,,97479,152
49.457,49.218,49.218,49.457,49.457,11.12,38.154,38.154,38.337,38.337,15.933,49.457,13.03,16.5,29.53,29.53,41.59,7.34,7.31,18.9,18.9,2.48,0.64,0.86,0.79,49.457,15.93,18.36,34.29,34.29,41.13,9.39,9.88,24.87,24.87,6.1,0.73,0.9,0.87,3,152,29,,,,,,,,,,,97479,152
47.975,47.669,47.669,47.975,47.975,9.631,30.938,33.819,38.344,26.886,37.619,47.975,16.11,17.58,33.69,33.69,43.16,5.11,6.62,14.66,15.2,4.92,0.44,0.88,0.92,47.975,29.15,22.36,51.51,51.51,44.94,7.03,11.55,23.24,26.69,15.2,0.45,1.07,1.3,4,152,43,,,,,,,,,,,97479,152
71.118,70.686,70.686,71.118,71.118,3.408,66.606,67.32,67.71,67.006,38.042,71.118,13.44,14.02,27.45,27.45,42.52,10.51,9.3,20.8,20.81,4.1,0.76,1.03,0.96,71.118,24.77,22.49,47.26,47.26,45.46,13.7,15.89,31.07,31.17,13.29,0.66,1,1.1,5,152,57,,,,,,,,,,,97479,152
49.675,49.426,49.426,49.675,49.675,3.598,42.083,41.988,46.077,38.445,15.612,49.675,11.4,17.1,28.5,28.5,45.17,10.56,7.55,19.53,21.13,0.79,0.69,0.89,0.67,49.675,15.15,20.02,35.17,35.17,40.16,12.22,11.66,25.74,27.81,2.15,0.73,0.86,0.76,6,152,71,,,,,,,,,,,97479,152
45.855,44.309,45.596,45.855,44.558,27.725,15.465,12.033,18.13,9.555,0,45.855,14.75,15.47,30.23,30.69,35.13,3.13,2.41,14.01,17.66,0,0.46,1,0.98,45.855,17.56,20.49,38.05,38.66,42.67,4.64,3.35,20.19,26.04,0,0.53,0.93,0.88,7,152,346,,,,,,,,,,,97479,152
48.401,48.078,48.078,48.401,48.401,33.344,14.962,14.962,15.057,15.057,1.44,48.401,10.95,12.21,23.16,23.16,25.24,1.78,1.62,10.93,10.93,0.05,0.47,0.92,0.9,48.401,15.72,16.76,32.48,32.48,34.24,2.68,2.39,16.29,16.29,0.18,0.5,0.96,0.94,1,419,0,,,,,,,,,,,87780,419
50.353,47.917,50.126,50.353,48.146,27.601,19.709,19.582,22.752,16.719,5.388,50.353,10.99,11.04,22.03,22.19,25.37,,,,,0.35,0.39,1.01,1.07,50.353,16.64,16.87,33.52,33.55,37.28,3.49,3.55,15.58,18.03,0.81,0.46,0.99,1.08,2,419,28,,,,,,,,,,,87780,419
52.642,52.323,52.323,52.642,52.642,27.346,23.533,23.791,25.296,22.384,29.704,52.642,8.81,12.2,21.01,21.01,23.23,,,,,3.59,0.62,0.71,0.72,52.642,14.02,14.66,28.68,28.68,31.7,4.6,7.25,24.63,25.62,6.79,0.86,0.85,0.96,3,419,42,,,,,,,,,,,87780,419
58.688,58.343,58.343,58.688,58.688,2.704,52.865,54.416,55.984,51.904,34.455,58.688,11.71,7.15,18.86,18.86,36.26,5.01,6.47,12.04,12.14,1.8,0.64,1.23,1.64,58.688,15.42,14.88,30.29,30.29,60.94,8.86,11.37,21.21,21.45,5.01,0.7,0.92,1.04,4,419,56,,,,,,,,,,,87780,419
24.319,24.229,24.229,24.319,24.319,10.847,13.396,10.954,13.472,11.008,3.592,24.319,9.68,10.08,19.77,19.77,27.5,3.76,4.27,14.47,17.25,0.67,0.73,0.94,0.96,24.319,15,15.19,30.19,30.19,37.41,5.18,6.12,20.37,23.81,1.06,0.67,0.95,0.99,5,419,71,,,,,,,,,,,87780,419
71.412,70.971,70.971,71.412,71.412,34.735,36.496,35.476,36.677,35.669,0,71.412,10.88,12.03,22.91,22.91,28.83,2.69,2.5,10.12,10.2,0,0.44,0.93,0.9,71.412,13.89,14.41,28.31,28.31,33.24,4.64,4.16,17.15,17.34,0,0.61,1,0.96,6,419,84,,,,,,,,,,,87780,419
49.007,48.698,48.698,49.007,49.007,3.375,45.286,40.996,45.632,41.313,0,49.007,8.36,7.38,15.75,15.75,22.1,3.77,3.65,7.97,8.05,0,0.51,1.1,1.13,49.007,13.47,10.95,24.43,24.43,25.96,8.31,8.9,18.49,18.79,0,0.76,1.1,1.23,7,419,98,,,,,,,,,,,87780,419
49.627,49.372,49.372,49.627,49.627,43.582,2.64,5.214,6.045,1.855,8.667,49.627,10.61,11.18,21.79,21.79,22.48,0.26,0.68,7.65,9.35,0.66,0.35,0.92,0.95,49.627,15.38,14.14,29.52,29.52,30.18,0.37,0.81,9.63,12.66,1.38,0.33,1.05,1.09,1,475,0,,,,,,,,,,,87780,475
48.74,48.387,48.387,48.74,48.74,48.02,0.726,0,0.72,0,3.3,48.74,13.3,12.37,25.67,25.67,25.93,,,,,0.28,0.78,1.1,1.07,48.74,17.67,17.74,35.41,35.41,35.67,0.36,0,23.84,0,0.4,0.67,1.02,1,2,475,28,,,,,,,,,,,87780,475
101.889,101.154,101.154,101.889,101.889,82.608,16.305,11.442,19.281,8.624,0,101.889,12.24,11.98,24.22,24.22,25.6,,,,,0,0.32,1.02,1.02,101.889,20.59,18.6,39.18,39.18,40.99,1.49,1.24,14.42,18.24,0,0.37,1.11,1.11,3,475,42,,,,,,,,,,,87780,475
56.172,55.754,55.754,56.172,56.172,49.883,3.894,6.237,6.289,3.937,0,56.172,13.95,12.43,26.38,26.38,26.5,,,,,0,0.36,1.07,1.12,56.172,19.25,18.01,37.25,37.25,37.67,0.5,1.23,15.36,19.29,0,0.41,1.03,1.07,4,475,56,,,,,,,,,,,87780,475
54.701,54.494,54.494,54.701,54.701,15.582,36.607,36.434,39.119,34.209,0,54.701,11.12,8.26,19.37,19.37,27.3,5.67,3.58,12.94,13.62,0,0.67,1.42,1.35,54.701,15.15,11.61,26.76,26.76,35.08,7.15,6.07,18.49,19.31,0,0.69,1.26,1.3,5,475,71,,,,,,,,,,,87780,475
52.268,51.887,51.887,52.268,52.268,26.208,19.326,19.587,26.06,13.167,1.779,52.268,9.98,13.56,23.54,23.54,27.83,1.76,1.34,6.22,7.75,0.12,0.26,0.79,0.74,52.268,14.15,15.32,29.47,29.47,32,3.38,2.78,12.36,16.48,0.23,0.42,0.97,0.92,6,475,84,,,,,,,,,,,87780,475
52.329,52.122,52.122,52.329,52.329,18.941,32.401,20.389,33.388,19.68,11.541,52.329,9.01,9.23,18.24,18.24,23.54,3.44,2.13,8.72,10.04,0.95,0.48,1.1,0.98,52.329,11.21,13.17,24.37,24.37,30.25,5.21,3.79,14.09,18.53,2,0.58,0.97,0.85,7,475,98,,,,,,,,,,,87780,475
57.828,57.328,57.328,57.828,57.828,54.307,3.519,3.519,3.521,3.521,9.768,57.828,10.92,13.53,24.45,24.45,24.9,0.29,0.3,9.64,9.64,1.09,0.39,0.81,0.81,57.828,14.9,17.4,32.3,32.3,32.63,0.53,0.54,17.49,17.49,2.06,0.54,0.86,0.86,1,420,0,,,,,,,,,,,87780,420
56.834,56.559,56.559,56.834,56.834,28.178,26.857,27.55,28.656,26.031,0.99,56.834,10.49,11.48,21.97,21.97,26.32,,,,,0.05,0.39,0.89,0.91,56.834,15.89,17.62,33.52,33.52,40,4.3,4.59,17.5,18.1,0.14,0.52,0.91,0.9,2,420,28,,,,,,,,,,,87780,420
93.877,93.208,93.208,93.877,93.877,21.089,68.449,72.31,72.788,68.885,0,93.877,10.77,8.43,19.2,19.2,26.06,,,,,0,0.49,1.17,1.28,93.877,13.41,12.64,26.05,26.05,38.42,6.94,6.86,17.8,18.24,0,0.68,1.04,1.06,3,420,42,,,,,,,,,,,87780,420
73.325,72.818,72.818,73.325,73.325,50.32,18.963,20.359,23.005,16.332,0,73.325,15.15,13.63,28.78,28.78,31.67,1.23,1.36,8.25,9.26,0,0.29,1.09,1.11,73.325,19.27,23,42.27,42.27,48.45,2.24,2.68,15.71,18.53,0,0.37,0.84,0.84,4,420,56,,,,,,,,,,,87780,420
4.371,3.589,4.381,4.371,3.57,0,4.381,4.381,4.371,4.371,0,4.371,3.51,8.35,11.87,12.63,0,4.76,9.11,13.87,13.87,0,1.17,0.47,0.52,4.371,7.44,12.02,19.46,21.31,0,11.44,13.35,24.78,24.78,0,1.27,0.74,0.75,5,420,71,,,,,,,,,,,87780,420
119.184,118.375,118.375,119.184,119.184,43.182,70.993,70.484,76.002,66.562,0,119.184,10.27,11.22,21.49,21.49,28.9,3.81,2.84,10.44,11.07,0,0.49,1,0.92,119.184,14.69,15.31,29.99,29.99,36.63,4.41,4.27,13.61,14.1,0,0.45,0.98,0.96,6,420,84,,,,,,,,,,,87780,420
51.883,51.501,51.501,51.883,51.883,16.749,34.902,27.213,35.134,27.39,2.772,51.883,11.9,9.91,21.8,21.8,27.56,3.93,2.75,9.88,10.26,0.1,0.45,1.25,1.2,51.883,16.57,16.05,32.63,32.63,41.39,6.04,4.77,15.97,17.34,0.24,0.49,1.09,1.03,7,420,98,,,,,,,,,,,87780,420
54.478,54.085,54.085,54.478,54.478,48.831,4.674,3.915,5.647,2.96,20.68,54.478,16.6,16.95,33.55,33.55,34.68,0.87,0.71,15.16,17.29,4.31,0.45,0.99,0.98,54.478,16.8,19.47,36.26,36.26,36.18,1.22,0.97,21.06,24.6,4.3,0.58,0.88,0.86,1,184,0,,,,,,,,,,,87786,184
66.554,66.168,66.168,66.554,66.554,50.094,8.598,16.373,16.46,8.637,0,66.554,18.28,14.59,32.87,32.87,35.88,0.87,3.01,15.72,16.98,0,0.48,1.09,1.25,66.554,18.94,14.9,33.84,33.84,36.02,1.53,3.02,18.43,23.13,0,0.54,1.14,1.27,2,184,22,,,,,,,,,,,87786,184
50.159,49.819,49.819,50.159,50.159,17.107,29.034,17.288,33.052,13.58,13.86,50.159,16.19,14.1,30.29,30.29,35.32,,,,,0.97,0.4,1.22,1.15,50.159,14.69,12.87,27.56,27.56,26.54,6.88,3.73,16.11,20.25,2.31,0.58,1.3,1.14,3,184,36,,,,,,,,,,,87786,184
51.598,51.366,51.366,51.598,51.598,40.398,9.102,9.24,11.2,7.232,6.551,51.598,18.65,19.83,38.48,38.48,42.24,1.81,2.05,17.8,20.41,0.67,0.46,0.93,0.94,51.598,15.72,14.17,29.88,29.88,31.19,2.62,2.06,21.59,26.31,1.84,0.72,1.13,1.11,4,184,49,,,,,,,,,,,87786,184
62.558,62.095,62.095,62.558,62.558,26.978,34.609,30.375,35.58,29.931,0,62.558,15.74,12.76,28.5,28.5,39.38,,,,,0,0.53,1.24,1.23,62.558,13.64,10.72,24.36,24.36,31.21,7,5.13,21.33,23.08,0,0.88,1.3,1.27,5,184,64,,,,,,,,,,,87786,184
48.175,45.739,47.95,48.175,45.967,9.327,37.194,28.003,38.848,26.656,18.46,48.175,16.21,13.58,29.78,30.54,38.11,6.23,6.18,15.39,18.09,1.29,0.52,1.14,1.25,48.175,17.71,14.9,32.62,32.92,31.93,7.19,8.22,19.11,22.99,3.72,0.59,1.08,1.29,6,184,82,,,,,,,,,,,87786,184
50.586,50.369,49.577,50.586,49.786,7.598,41.866,37.109,42.988,36.286,7.127,50.586,13.89,12.08,25.97,26.06,40.55,,,,,0.32,0.62,1.19,1.12,50.586,14.46,11.48,25.94,26.08,41.05,9.9,8.24,21.35,22.72,1.1,0.82,1.24,1.24,7,184,92,,,,,,,,,,,87786,184
67.025,66.513,66.513,67.025,67.025,48.081,16.983,13.431,18.944,11.712,0,67.025,12.5,13.12,25.61,25.61,26.81,1.33,1.17,8.83,9.7,0,0.34,0.97,0.95,67.025,16.34,16.83,33.17,33.17,35.05,2.54,2.64,18.31,22.5,0,0.55,0.97,0.97,1,170,0,,,,,,,,,,,97497,170
107.44,106.653,106.653,107.44,107.44,43.215,56.911,62.845,64.225,56.594,0,107.44,10.83,10.41,21.24,21.24,26.04,2.44,2.57,8.38,8.76,0,0.39,1.02,1.04,107.44,16.92,14.86,31.78,31.78,39.23,5.16,5.49,17.8,18.71,0,0.56,1.09,1.14,2,170,21,,,,,,,,,,,97497,170
78.141,77.745,76.821,78.141,77.212,56.446,16.383,17.417,21.695,12.288,0,78.141,16.15,13.01,29.16,29.39,31.93,1.37,1.56,10.55,11.07,0,0.36,1.2,1.23,78.141,19.18,17.22,36.4,36.53,39.18,1.98,2.46,15.99,19.19,0,0.44,1.08,1.1,3,170,35,,,,,,,,,,,97497,170
49.938,49.51,49.51,49.938,49.938,18.448,26.113,31.261,31.49,26.29,0,49.938,16.92,9.93,26.85,26.85,33.74,2.42,3.11,8.77,9.9,0,0.33,1.48,1.7,49.938,13.3,11.24,24.54,24.54,34.71,4.08,4.04,12.88,14.66,0,0.52,1.14,1.18,4,170,49,,,,,,,,,,,97497,170
67.235,66.777,66.777,67.235,67.235,34.307,30.619,30.813,32.928,28.928,0,67.235,16.98,11.01,27.99,27.99,35.25,2.93,3.51,13.12,13.49,0,0.47,1.37,1.54,67.235,20.94,16.73,37.67,37.67,46.8,5,5.98,22.38,23.09,0,0.59,1.14,1.25,5,170,63,,,,,,,,,,,97497,170
71.934,71.531,71.531,71.934,71.934,46.467,22.122,23.253,25.467,19.947,0,71.934,13.39,11.58,24.97,24.97,29.97,1.58,1.92,9.9,10.18,0,0.4,1.11,1.16,71.934,17.76,15.94,33.7,33.7,38.89,2.59,3.61,17.52,17.96,0,0.52,1.04,1.11,6,170,77,,,,,,,,,,,97497,170
54.819,54.574,54.574,54.819,54.819,28.53,23.979,25.076,26.289,23.105,0,54.819,14.16,10.49,24.65,24.65,29.89,2.56,4.3,14.28,14.74,0,0.58,1.13,1.35,54.819,18.26,15.19,33.45,33.45,39.68,4.42,5.07,19.76,20.08,0,0.59,1.12,1.2,7,170,91,,,,,,,,,,,97497,170
51.128,50.848,45.073,51.128,45.288,5.152,45.685,44.464,45.976,44.743,21.531,51.128,9.02,5.65,14.67,15.26,23.54,6,6.15,13.5,13.67,2.06,0.92,1.27,1.39,51.128,11.75,8.03,19.78,21.25,33.36,9.38,9.8,21.31,21.56,4.84,1.08,1.19,1.34,8,170,98,,,,,,,,,,,97497,170
57.643,57.234,56.178,57.643,56.587,48.94,8.646,4.752,8.703,4.767,0,57.643,10.15,11.9,22.05,22.4,23.5,1.05,0.43,9.73,10.13,0,0.44,0.91,0.85,57.643,13.13,14.85,27.97,28.33,29.03,1.34,0.79,14.1,18.03,0,0.5,0.92,0.87,1,177,0,,,,,,,,,,,97478,177
50.167,49.891,49.891,50.167,50.167,15.664,31.26,30.002,34.503,27.092,0,50.167,9.4,13.27,22.67,22.67,26.98,3.4,3.17,9.55,9.95,0,0.42,0.78,0.71,50.167,12.43,13.64,26.07,26.07,29.95,5.58,5.63,16.3,17.67,0,0.63,0.93,0.91,2,177,21,,,,,,,,,,,97478,177
53.009,0,0,53.009,53.009,2.831,0,0,50.178,42.945,0,53.009,0,0,0,0,0,0,0,0,0,0,0,0,0,53.009,11.14,15.35,26.49,26.49,31.08,9.29,7.36,17.59,19.29,0,0.66,0.9,0.73,3,177,34,,,,,,,,,,,97478,177
48.626,48.28,48.28,48.626,48.626,25.229,21.582,23.166,23.397,21.797,0,48.626,11.52,11.25,22.77,22.77,27.74,2.54,2.56,10.6,10.82,0,0.47,1.02,1.02,48.626,14.27,16.37,30.64,30.64,35.88,3.82,6.29,21,21.56,0,0.69,0.8,0.87,4,177,48,,,,,,,,,,,97478,177
54.901,54.575,54.575,54.901,54.901,26.436,27.408,27.54,28.465,26.867,8.061,54.901,9.76,11.83,21.59,21.59,29.11,2.8,2.86,10.92,11.05,0.61,0.51,0.86,0.83,54.901,12.85,15.8,28.65,28.65,33.56,5.17,4.38,18.44,18.65,1.34,0.64,0.89,0.81,5,177,63,,,,,,,,,,,97478,177
53.552,53.246,53.246,53.552,53.552,3.697,48.066,33.384,49.855,32.061,6.27,53.552,7.48,10.15,17.63,17.63,30.27,6.02,3.35,10.06,10.97,0.29,0.57,1,0.74,53.552,8.67,9.94,18.61,18.61,39.08,11.07,5.88,18.2,20.34,0.8,0.98,1.25,0.87,6,177,77,,,,,,,,,,,97478,177
56.207,54.965,55.988,56.207,55.183,25.936,24.632,26.382,30.271,20.928,0,56.207,9.98,12.23,22.2,22.43,27.7,3.06,2.32,10,11.49,0,0.45,0.9,0.83,56.207,17.1,18.74,35.84,36.01,41.94,5.06,4.56,17.85,21.09,0,0.5,0.95,0.94,7,177,91,,,,,,,,,,,97478,177
40.72,40.603,40.603,40.72,40.72,26.958,12.792,13.064,13.762,12.082,7.974,40.72,16.14,18.64,34.77,34.77,40.75,2.53,3.42,17.63,17.67,2.11,0.51,0.85,0.87,40.72,19.64,20.53,40.17,40.17,45.11,4.21,4.58,26.03,27.54,1.44,0.65,0.95,0.96,1,183,0,,,,,,,,,,,117067,183
51.729,51.359,51.359,51.729,51.729,16.385,35.062,35.062,35.344,35.344,0,51.729,20.37,11.64,32.01,32.01,44.88,8.98,5.3,20.89,20.89,0,0.65,1.73,1.75,51.729,23.55,13.11,36.65,36.65,38.42,10.17,7.4,25.71,25.71,0,0.7,1.64,1.8,2,183,22,,,,,,,,,,,117067,183
56.657,56.284,56.284,56.657,56.657,43.713,8.902,7.847,12.944,3.92,19.556,56.657,18.87,19.05,37.92,37.92,40.46,,,,,2.05,0.4,0.94,0.99,56.657,17.36,16.72,34.08,34.08,33.77,2.24,2.91,22.55,32.95,4.6,0.66,1,1.04,3,183,36,,,,,,,,,,,117067,183
49.135,48.888,48.888,49.135,49.135,43.278,2.463,3.366,5.857,0,5.07,49.135,24.05,19.45,43.51,43.51,44.38,0.48,1.26,14.54,0,0.24,0.33,1.18,1.24,49.135,17.63,14.52,32.15,32.15,31.43,0.67,1.36,17.02,0,0.76,0.53,1.15,1.21,4,183,49,,,,,,,,,,,117067,183
72.881,72.322,72.322,72.881,72.881,6.912,51.903,63.882,65.969,50.817,0,72.881,10.41,11.14,21.54,21.54,35.24,,,,,0,0.63,0.82,0.93,72.881,12.33,8.3,20.63,20.63,27.6,8.08,12.07,22.26,24.08,0,1.08,1,1.49,5,183,64,,,,,,,,,,,117067,183
3.554,3.531,3.531,3.554,3.554,0.929,2.607,1.749,2.625,1.76,0,3.554,17.08,20.89,37.97,37.97,44.66,4.2,2.42,8.96,10.06,0,0.24,0.91,0.82,3.554,23.24,26.53,49.77,49.77,62.25,7.87,6.29,19.18,24.92,0,0.39,0.95,0.88,6,183,82,,,,,,,,,,,117067,183
45.948,45.606,45.606,45.948,45.948,37.708,6.539,1.65,8.24,0,14.548,45.948,18.4,21.85,40.25,40.25,42.91,,,,,1.62,0.31,0.93,0.84,45.948,15.05,15.88,30.93,30.93,30.7,2.65,0.26,16.23,0,4.79,0.52,1.1,0.95,7,183,92,,,,,,,,,,,117067,183
62.285,61.852,61.852,62.285,62.285,56.189,2.475,5.313,6.096,1.761,0,62.285,20.57,22.7,43.27,43.27,44.21,0.34,1.16,15.4,12.24,0,0.36,0.88,0.91,62.285,20.88,22.38,43.26,43.26,44.01,0.57,1.31,19.15,22.44,0,0.44,0.91,0.93,1,182,0,,,,,,,,,,,117067,182
48.164,47.881,47.881,48.164,48.164,24.593,19.751,22.222,23.571,18.578,5.756,48.164,17.94,17.7,35.64,35.64,43.67,3.58,4.1,15.68,16.05,1.31,0.44,0.99,1.01,48.164,19.13,19.81,38.95,38.95,43.84,5.41,6.28,23.86,25,3.76,0.61,0.94,0.97,2,182,22,,,,,,,,,,,117067,182
52.576,52.328,52.328,52.576,52.576,17.567,33.944,31.799,35.009,30.977,0,52.576,16.8,17.53,34.33,34.33,46.74,,,,,0,0.52,1.1,0.96,52.576,17.31,14.05,31.35,31.35,36.83,9.49,5.78,22.94,24.2,0,0.73,1.35,1.23,3,182,36,,,,,,,,,,,117067,182
49.211,48.951,48.951,49.211,49.211,26.926,21.424,22.172,22.285,21.548,0,49.211,21.05,17.94,38.99,38.99,45.69,5.07,4.39,20.9,21.02,0,0.54,1.17,1.17,49.211,17,16.93,33.93,33.93,38.15,6.01,4.94,24.19,24.55,0,0.71,1.05,1,4,182,49,,,,,,,,,,,117067,182
67.123,66.784,66.784,67.123,67.123,46.802,20.275,15.142,20.321,15.201,0,67.123,19.58,20.26,39.84,39.84,44.21,,,,,0,0.53,1.05,0.97,67.123,16.86,19.18,36.03,36.03,38.22,4.24,2.95,23.78,26.09,0,0.66,0.95,0.88,5,182,64,,,,,,,,,,,117067,182
60.769,60.352,60.352,60.769,60.769,33.008,26.512,16.195,27.761,15.201,0,60.769,18.18,21.47,39.65,39.65,46.34,5.7,2.94,18.94,18.16,0,0.48,0.98,0.85,60.769,15.91,17.99,33.91,33.91,33.49,6.83,2.86,21.22,22.1,0,0.63,1.09,0.88,6,182,82,,,,,,,,,,,117067,182
62.128,61.699,61.699,62.128,62.128,34.093,26.928,26.928,28.035,26.307,0,62.128,19.27,18.11,37.38,37.38,46.14,,,,,0,0.66,1.04,1.06,62.128,17.26,17.39,34.65,34.65,38.39,7.36,4.71,26.72,27.45,0,0.77,1.11,0.99,7,182,92,,,,,,,,,,,117067,182
57.643,57.234,56.178,57.643,56.587,48.94,8.646,4.752,8.703,4.767,0,57.643,10.15,11.9,22.05,22.4,23.5,1.05,0.43,9.73,10.13,0,0.44,0.91,0.85,57.643,13.13,14.85,27.97,28.33,29.03,1.34,0.79,14.1,18.03,0,0.5,0.92,0.87,1,176,0,,,,,,,,,,,97478,176
45.92,44.97,45.762,45.92,45.119,15.119,27.9,29.434,30.801,26.769,0,45.92,8.81,11.04,19.85,20,24.77,3.12,4,10.61,11.34,0,0.53,0.79,0.81,45.92,12.34,16.08,28.42,28.77,33.01,5.2,7.42,18.81,19.98,0,0.66,0.75,0.77,2,176,21,,,,,,,,,,,97478,176
66.058,65.726,65.726,66.058,66.058,39.565,22.878,26.343,26.493,23.004,0,66.058,11.36,16.07,27.44,27.44,31.44,1.55,2.41,9.88,10.14,0,0.36,0.7,0.71,66.058,16.09,17.9,33.99,33.99,37.43,2.96,4.35,18.25,19.37,0,0.54,0.86,0.9,3,176,34,,,,,,,,,,,97478,176
48.336,48.024,48.024,48.336,48.336,13.439,30.768,26.937,34.897,23.218,0,48.336,8.84,13.72,22.56,22.56,29.79,4.44,3.37,10.83,11.17,0,0.48,0.78,0.64,48.336,13,17.9,30.9,30.9,33.56,6.88,5.87,17.68,19.89,0,0.57,0.84,0.73,4,176,48,,,,,,,,,,,97478,176
62.109,61.841,61.841,62.109,62.109,25.052,34.835,35.324,37.057,33.488,0,62.109,8.91,14.09,23.01,23.01,28.14,3.22,5.51,14.64,15.24,0,0.64,0.62,0.63,62.109,11.73,17.61,29.33,29.33,35.93,5.77,6.91,21.28,22.07,0,0.73,0.71,0.67,5,176,63,,,,,,,,,,,97478,176
76.419,75.828,75.828,76.419,76.419,7.538,64.67,68.331,68.881,65.2,0,76.419,8.34,10.03,18.37,18.37,28.67,5.22,6.82,13.36,13.55,0,0.73,0.8,0.83,76.419,10.1,14.58,24.68,24.68,35.64,9.92,11.21,23.43,23.57,0,0.95,0.78,0.69,6,176,77,,,,,,,,,,,97478,176
48.641,47.623,48.481,48.641,47.777,10.383,37.368,38.127,38.258,37.505,3.498,48.641,7.27,13.1,20.37,20.46,29.78,4.41,5.31,12.35,12.46,0.18,0.61,0.63,0.57,48.641,13.72,19.4,33.12,33.19,34.63,9.11,8,21.73,21.93,0.54,0.66,0.83,0.73,7,176,91,,,,,,,,,,,97478,176
45.09,0,0,45.09,45.09,36.483,0,0,8.607,8.607,0,45.09,0,0,0,0,0,0,0,0,0,0,0,0,0,45.09,17.19,17.04,34.23,34.23,35.49,1.83,1.87,19.37,19.37,0,0.57,1.01,1.01,1,171,0,,,,,,,,,,,97497,171
58.147,57.72,57.72,58.147,58.147,19.346,37.601,38.492,38.801,37.904,10.857,58.147,10.74,11.29,22.04,22.04,29,3.11,5.26,12.54,12.7,0.32,0.57,0.84,0.95,58.147,13.06,12.77,25.83,25.83,31.15,6.71,6.55,19.87,20.09,1.01,0.77,1.02,1.02,2,171,21,,,,,,,,,,,97497,171
90.656,89.826,89.826,90.656,90.656,59.665,29.496,29.799,30.991,28.848,0,90.656,17.22,17.65,34.86,34.86,38.11,1.46,1.73,9.35,9.76,0,0.27,0.96,0.98,90.656,20.51,18.9,39.41,39.41,40.21,2.52,3.1,16.42,17.02,0,0.42,1.05,1.08,3,171,35,,,,,,,,,,,97497,171
67.036,66.446,66.446,67.036,67.036,11.759,48.395,52.949,55.277,47.02,0,67.036,12.12,8.83,20.95,20.95,22.26,3.67,4.59,10.02,10.37,0,0.48,1.18,1.37,67.036,16.45,14.05,30.5,30.5,29.62,6.2,7.05,16.07,16.69,0,0.53,1.07,1.17,4,171,49,,,,,,,,,,,97497,171
64.481,64.097,64.097,64.481,64.481,39.552,22.032,20.493,24.929,17.921,0,64.481,17.51,14.31,31.81,31.81,36.52,3.54,1.76,13.68,15.24,0,0.43,1.31,1.22,64.481,19.3,18.76,38.06,38.06,40.61,3.33,2.73,15.64,17.05,0,0.41,1.05,1.03,5,171,63,,,,,,,,,,,97497,171
47.731,47.453,47.453,47.731,47.731,22.146,21.471,20.523,25.585,16.752,0,47.731,13.65,14.19,27.84,27.84,31.66,2.39,3.96,11.84,13.51,0,0.43,0.88,0.96,47.731,20.06,17.53,37.59,37.59,40.07,4.16,5.24,17.54,18.7,0,0.47,1.06,1.14,6,171,77,,,,,,,,,,,97497,171
61.218,60.754,60.754,61.218,61.218,1.903,58.873,58.015,59.315,58.451,6.006,61.218,11.49,12.16,23.64,23.64,35.66,5.3,6.79,12.48,12.6,0.3,0.53,0.89,0.94,61.218,14.86,14.56,29.42,29.42,37.48,9.6,9.66,19.88,20.08,0.55,0.68,1.01,1.02,7,171,91,,,,,,,,,,,97497,171
46.924,46.587,46.587,46.924,46.924,20.464,17.676,24.708,26.46,16.206,20.229,46.924,11.92,13.63,25.56,25.56,31.44,2.93,4.59,13.35,14.82,3,0.52,0.82,0.87,46.924,15.64,14.99,30.63,30.63,40.23,3.64,6.98,18.84,20.38,5.16,0.62,0.88,1.04,8,171,98,,,,,,,,,,,97497,171
40.802,40.628,40.628,40.802,40.802,26.766,11.851,7.149,14.036,5.073,0,40.802,15.05,22.31,37.36,37.36,41.12,3.23,1.96,15.11,21.25,0,0.4,0.75,0.67,40.802,18.25,24.25,42.5,42.5,47.06,4.66,2.32,20.3,28.51,0,0.48,0.86,0.75,1,185,0,,,,,,,,,,,87786,185
47.309,47.09,47.09,47.309,47.309,40.669,5.605,5.536,6.64,4.545,0,47.309,19.27,19.22,38.49,38.49,40.38,1.04,0.86,13.52,15.1,0,0.35,1.01,1,47.309,21.34,19.85,41.19,41.19,42.62,1.24,1.4,18.83,20.27,0,0.46,1.06,1.08,2,185,22,,,,,,,,,,,87786,185
68.864,68.318,67.46,68.864,68.001,49.154,18.054,13.53,19.71,12.128,0,68.864,18.7,23.27,41.97,42.38,46.2,,,,,0,0.29,0.86,0.8,68.864,15.17,19.35,34.52,34.84,35.01,2.84,1.73,15.96,17.76,0,0.46,0.85,0.78,3,185,36,,,,,,,,,,,87786,185
53.257,52.93,52.93,53.257,53.257,27.211,18.891,15.827,26.046,8.848,23.478,53.257,17.37,19.09,36.46,36.46,40.4,3.59,3.09,13.65,16.47,4.03,0.37,0.95,0.91,53.257,14.21,15.17,29.38,29.38,28,5.39,4.01,19.22,26.47,9.58,0.65,1.02,0.94,4,185,49,,,,,,,,,,,87786,185
72.305,71.735,71.735,72.305,72.305,30.047,33.79,16.566,42.258,8.512,0,72.305,13.14,21.2,34.34,34.34,40.74,,,,,0,0.47,0.83,0.62,72.305,16.6,19.06,35.67,35.67,38.01,6.87,3.24,17.3,22.35,0,0.48,1.05,0.87,5,185,64,,,,,,,,,,,87786,185
68.848,68.38,68.38,68.848,68.848,38.974,25.056,25.221,29.874,20.787,0,68.848,,,,,,,,,,,,,,68.848,19.17,23.28,42.45,42.45,41.75,4.58,4.01,19.79,22.17,0,0.47,0.87,0.82,6,185,82,7.75,6.86,33.67,36.15,,,,,,,87786,185
38.385,38.223,38.223,38.385,38.385,14.322,17.184,19.783,24.063,13.136,8.12,38.385,17.64,22.12,39.76,39.76,45.94,,,,,0.79,0.28,0.79,0.8,38.385,17.22,21.07,38.3,38.3,40.52,4.35,6.62,17.5,22.13,2.28,0.46,0.78,0.82,7,185,92,,,,,,,,,,,87786,185
